Posted_Date,Transaction_Date,Action,Ticker,Expiry,Option_Type,Strike,Type,Status,Quantity,Price,Amount,Fees & Com,Total_Amount
03/31/2025,03/31/2025,Qualified Dividend,AVGO,,,0.0,Dividend,Qualified Dividend,0.0,0.0,295.0,0.0,295.0
03/31/2025,03/28/2025,Expired,MCD,03/28/2025,Put,287.5,Put Expired,Closed,1.0,0.0,0.0,0.0,0.0
03/31/2025,03/28/2025,Expired,EXPE,03/28/2025,Call,172.5,Call Expired,Closed,2.0,0.0,0.0,0.0,0.0
03/31/2025,03/28/2025,Expired,AAPL,03/28/2025,Call,227.5,Call Expired,Closed,3.0,0.0,0.0,0.0,0.0
03/31/2025,03/28/2025,Buy,INTC,,,0.0,Stock Buy,Stock Trade,1000.0,23.5,-23500.0,0.0,-23500.0
03/31/2025,03/28/2025,Buy,AVGO,,,0.0,Stock Buy,Stock Trade,200.0,170.0,-34000.0,0.0,-34000.0
03/31/2025,03/28/2025,Expired,NVDA,03/28/2025,Put,105.0,Put Expired,Closed,2.0,0.0,0.0,0.0,0.0
03/31/2025,03/28/2025,Expired,HD,03/28/2025,Put,335.0,Put Expired,Closed,2.0,0.0,0.0,0.0,0.0
03/31/2025,03/28/2025,Expired,COST,03/28/2025,Put,860.0,Put Expired,Closed,1.0,0.0,0.0,0.0,0.0
03/31/2025,03/28/2025,Expired,COST,03/28/2025,Put,840.0,Put Expired,Closed,1.0,0.0,0.0,0.0,0.0
03/31/2025,03/28/2025,Expired,COST,03/28/2025,Put,800.0,Put Expired,Closed,1.0,0.0,0.0,0.0,0.0
03/31/2025,03/28/2025,Expired,WDAY,03/28/2025,Call,260.0,Call Expired,Closed,2.0,0.0,0.0,0.0,0.0
03/31/2025,03/28/2025,Expired,ORCL,03/28/2025,Call,165.0,Call Expired,Closed,6.0,0.0,0.0,0.0,0.0
03/31/2025,03/28/2025,Expired,ORCL,03/28/2025,Put,140.0,Put Expired,Closed,1.0,0.0,0.0,0.0,0.0
03/31/2025,03/28/2025,Expired,INTC,03/28/2025,Call,24.0,Call Expired,Closed,25.0,0.0,0.0,0.0,0.0
03/31/2025,03/28/2025,Expired,HD,03/28/2025,Call,395.0,Call Expired,Closed,3.0,0.0,0.0,0.0,0.0
03/31/2025,03/28/2025,Expired,EXPE,03/28/2025,Put,150.0,Put Expired,Closed,-2.0,0.0,0.0,0.0,0.0
03/31/2025,03/28/2025,Expired,DE,03/28/2025,Put,405.0,Put Expired,Closed,1.0,0.0,0.0,0.0,0.0
03/31/2025,03/28/2025,Expired,CAT,03/28/2025,Put,320.0,Put Expired,Closed,2.0,0.0,0.0,0.0,0.0
03/31/2025,03/28/2025,Assigned,INTC,03/28/2025,Put,23.5,Put Assigned,Closed,10.0,0.0,0.0,0.0,0.0
03/31/2025,03/28/2025,Assigned,AVGO,03/28/2025,Put,170.0,Put Assigned,Closed,2.0,0.0,0.0,0.0,0.0
03/28/2025,03/28/2025,Credit Interest,,,,0.0,Interest,Credit Interest,0.0,0.0,11.33,0.0,11.33
03/28/2025,03/28/2025,Margin Interest,,,,0.0,Interest,Margin Interest,0.0,0.0,-233.95,0.0,-233.95
03/28/2025,03/28/2025,Sell to Open,WDAY,04/04/2025,Put,220.0,Put Sell,Open,2.0,0.6,119.47,0.53,118.94
03/28/2025,03/28/2025,Buy to Close,WDAY,03/28/2025,Put,237.5,Put Buy,Closed,2.0,1.35,-270.52,0.52,-271.04
03/28/2025,03/28/2025,Sell to Open,MCD,04/11/2025,Put,295.0,Put Sell,Open,2.0,0.95,189.46,0.54,188.92
03/28/2025,03/28/2025,Sell to Open,CAT,04/04/2025,Put,310.0,Put Sell,Open,2.0,0.98,195.46,0.54,194.92
03/27/2025,03/27/2025,Qualified Dividend,HD,,,0.0,Dividend,Qualified Dividend,0.0,0.0,690.0,0.0,690.0
03/27/2025,03/27/2025,Cash Dividend,VFMO,,,0.0,Dividend,Cash Dividend,0.0,0.0,31.18,0.0,31.18
03/27/2025,03/27/2025,Cash Dividend,VDE,,,0.0,Dividend,Cash Dividend,0.0,0.0,189.74,0.0,189.74
03/26/2025,03/26/2025,Buy to Close,AVGO,03/28/2025,Call,225.0,Call Buy,Closed,5.0,0.01,-5.05,0.05,-5.1
03/26/2025,03/26/2025,Sell to Open,AAPL,04/04/2025,Put,210.0,Put Sell,Open,2.0,0.91,181.46,0.54,180.92
03/26/2025,03/26/2025,Sell to Open,CAT,04/04/2025,Put,320.0,Put Sell,Open,2.0,1.04,207.46,0.54,206.92
03/26/2025,03/26/2025,Sell to Open,AVGO,04/04/2025,Put,160.0,Put Sell,Open,2.0,0.83,165.47,0.53,164.94
03/26/2025,03/26/2025,Sell to Open,ORCL,04/04/2025,Put,135.0,Put Sell,Open,2.0,0.64,127.47,0.53,126.94
03/26/2025,03/26/2025,Sell to Open,WDAY,04/04/2025,Put,237.5,Put Sell,Open,2.0,1.05,209.46,0.54,208.92
03/26/2025,03/26/2025,Sell to Open,NVDA,04/04/2025,Put,108.0,Put Sell,Open,2.0,0.91,181.46,0.54,180.92
03/26/2025,03/26/2025,Sell to Open,HD,04/04/2025,Put,340.0,Put Sell,Open,2.0,0.6,119.47,0.53,118.94
03/26/2025,03/26/2025,Cash Dividend,XLF,,,0.0,Dividend,Cash Dividend,0.0,0.0,73.3,0.0,73.3
03/25/2025,03/25/2025,Sell to Open,AVGO,04/04/2025,Put,175.0,Put Sell,Open,2.0,1.19,237.46,0.54,236.92
03/25/2025,03/25/2025,Buy to Close,AAPL,03/28/2025,Call,230.0,Call Buy,Closed,1.0,0.23,-23.26,0.26,-23.52
03/25/2025,03/25/2025,Sell to Open,XOM,04/04/2025,Put,115.0,Put Sell,Open,3.0,0.91,272.2,0.8,271.4
03/24/2025,03/21/2025,Expired,NVDA,03/21/2025,Call,131.0,Call Expired,Closed,5.0,0.0,0.0,0.0,0.0
03/24/2025,03/21/2025,Expired,RF,03/21/2025,Put,21.0,Put Expired,Closed,3.0,0.0,0.0,0.0,0.0
03/24/2025,03/21/2025,Expired,HD,03/21/2025,Put,335.0,Put Expired,Closed,1.0,0.0,0.0,0.0,0.0
03/24/2025,03/21/2025,Expired,CMI,03/21/2025,Put,320.0,Put Expired,Closed,2.0,0.0,0.0,0.0,0.0
03/24/2025,03/21/2025,Expired,MCD,03/21/2025,Put,295.0,Put Expired,Closed,1.0,0.0,0.0,0.0,0.0
03/24/2025,03/21/2025,Expired,VGT,03/21/2025,Put,550.0,Put Expired,Closed,3.0,0.0,0.0,0.0,0.0
03/24/2025,03/21/2025,Expired,CAT,03/21/2025,Put,320.0,Put Expired,Closed,2.0,0.0,0.0,0.0,0.0
03/24/2025,03/21/2025,Exchange or Exercise,TOL,03/21/2025,Put,135.0,Put Exchange or Exercise,Closed,-3.0,0.0,0.0,0.0,0.0
03/24/2025,03/21/2025,Exchange or Exercise,TOL,03/21/2025,Put,130.0,Put Exchange or Exercise,Closed,-5.0,0.0,0.0,0.0,0.0
03/24/2025,03/21/2025,Exchange or Exercise,TOL,03/21/2025,Put,120.0,Put Exchange or Exercise,Closed,-1.0,0.0,0.0,0.0,0.0
03/24/2025,03/21/2025,Assigned,XOM,03/21/2025,Call,115.0,Call Assigned,Closed,3.0,0.0,0.0,0.0,0.0
03/24/2025,03/21/2025,Exchange or Exercise,NVDA,03/21/2025,Put,140.0,Put Exchange or Exercise,Closed,-40.0,0.0,0.0,0.0,0.0
03/24/2025,03/21/2025,Assigned,GBTC,03/21/2025,Put,68.0,Put Assigned,Closed,2.0,0.0,0.0,0.0,0.0
03/24/2025,03/21/2025,Sell,TOL,,,0.0,Stock Sell,Stock Trade,300.0,135.0,40498.82,1.18,40497.64
03/24/2025,03/21/2025,Sell,TOL,,,0.0,Stock Sell,Stock Trade,500.0,130.0,64998.11,1.89,64996.22
03/24/2025,03/21/2025,Sell,TOL,,,0.0,Stock Sell,Stock Trade,100.0,120.0,11999.65,0.35,11999.3
03/24/2025,03/21/2025,Sell,XOM,,,0.0,Stock Sell,Stock Trade,300.0,115.0,34498.99,1.01,34497.98
03/24/2025,03/21/2025,Sell,NVDA,,,0.0,Stock Sell,Stock Trade,4000.0,140.0,559983.77,16.23,559967.54
03/24/2025,03/21/2025,Buy,GBTC,,,0.0,Stock Buy,Stock Trade,200.0,68.0,-13600.0,0.0,-13600.0
03/21/2025,03/21/2025,Cash Dividend,IYF,,,0.0,Dividend,Cash Dividend,0.0,0.0,37.05,0.0,37.05
03/21/2025,03/20/2025,Assigned,AAPL,04/17/2025,Put,250.0,Put Assigned,Open,9.0,0.0,0.0,0.0,0.0
03/21/2025,03/20/2025,Buy,AAPL,,,0.0,Stock Buy,Stock Trade,900.0,250.0,-225000.0,0.0,-225000.0
03/20/2025,03/20/2025,Sell to Open,HD,03/28/2025,Put,335.0,Put Sell,Closed,2.0,0.54,107.47,0.53,106.94
03/20/2025,03/20/2025,Sell to Open,COST,03/28/2025,Put,860.0,Put Sell,Closed,1.0,2.66,265.73,0.27,265.46
03/20/2025,03/20/2025,Sell to Open,CAT,03/28/2025,Put,320.0,Put Sell,Closed,2.0,1.07,213.46,0.54,212.92
03/20/2025,03/20/2025,Buy to Close,WDAY,03/28/2025,Call,265.0,Call Buy,Closed,2.0,0.53,-106.52,0.52,-107.04
03/20/2025,03/19/2025,Assigned,IYF,03/21/2025,Put,116.0,Put Assigned,Closed,1.0,0.0,0.0,0.0,0.0
03/20/2025,03/19/2025,Buy,IYF,,,0.0,Stock Buy,Stock Trade,100.0,116.0,-11600.0,0.0,-11600.0
03/18/2025,03/18/2025,Sell to Open,ORCL,03/28/2025,Put,140.0,Put Sell,Closed,1.0,0.91,90.74,0.26,90.48
03/18/2025,03/18/2025,Sell to Open,NVDA,03/28/2025,Put,105.0,Put Sell,Closed,2.0,0.75,149.47,0.53,148.94
03/18/2025,03/18/2025,Sell to Open,MCD,03/21/2025,Put,295.0,Put Sell,Closed,1.0,0.54,53.74,0.26,53.48
03/18/2025,03/18/2025,Sell to Open,HD,03/21/2025,Put,335.0,Put Sell,Closed,1.0,0.68,67.74,0.26,67.48
03/18/2025,03/18/2025,Sell to Open,CAT,03/21/2025,Put,320.0,Put Sell,Closed,2.0,0.46,91.47,0.53,90.94
03/18/2025,03/17/2025,Assigned,AAPL,04/17/2025,Put,250.0,Put Assigned,Open,1.0,0.0,0.0,0.0,0.0
03/18/2025,03/17/2025,Assigned,NVDA,03/21/2025,Put,150.0,Put Assigned,Closed,20.0,0.0,0.0,0.0,0.0
03/18/2025,03/17/2025,Buy,AAPL,,,0.0,Stock Buy,Stock Trade,100.0,250.0,-25000.0,0.0,-25000.0
03/18/2025,03/17/2025,Buy,NVDA,,,0.0,Stock Buy,Stock Trade,2000.0,150.0,-300000.0,0.0,-300000.0
03/17/2025,03/17/2025,Reinvest Dividend,SGUXX,,,0.0,Reinvest Dividend,Reinvest Dividend,0.0,0.0,8086.45,0.0,8086.45
03/17/2025,03/17/2025,Reinvest Shares,SGUXX,,,0.0,Reinvest Shares,Reinvest Shares,8086.45,1.0,-8086.45,0.0,-8086.45
03/17/2025,03/17/2025,Sell to Open,WDAY,03/28/2025,Put,237.5,Put Sell,Closed,2.0,1.37,273.46,0.54,272.92
03/17/2025,03/17/2025,Sell to Open,CMI,04/17/2025,Put,280.0,Put Sell,Open,2.0,1.02,203.46,0.54,202.92
03/17/2025,03/17/2025,Sell to Open,DE,04/04/2025,Put,440.0,Put Sell,Open,1.0,2.01,200.73,0.27,200.46
03/17/2025,03/17/2025,Sell to Open,INTC,03/28/2025,Put,23.5,Put Sell,Closed,10.0,0.24,237.35,2.65,234.7
03/17/2025,03/17/2025,Sell to Open,COST,03/28/2025,Put,840.0,Put Sell,Closed,1.0,1.43,142.74,0.26,142.48
03/17/2025,03/17/2025,Sell to Open,AVGO,03/28/2025,Put,170.0,Put Sell,Closed,2.0,1.09,217.46,0.54,216.92
03/17/2025,03/17/2025,Sell to Open,WDAY,03/28/2025,Call,265.0,Call Sell,Closed,2.0,0.65,129.47,0.53,128.94
03/17/2025,03/17/2025,Sell to Open,MCD,03/28/2025,Put,287.5,Put Sell,Closed,1.0,0.75,74.74,0.26,74.48
03/17/2025,03/14/2025,Buy,EXPE,,,0.0,Stock Buy,Stock Trade,200.0,170.0,-34000.0,0.0,-34000.0
03/17/2025,03/14/2025,Expired,WDAY,03/14/2025,Put,227.5,Put Expired,Closed,2.0,0.0,0.0,0.0,0.0
03/17/2025,03/14/2025,Expired,AVGO,03/14/2025,Put,165.0,Put Expired,Closed,2.0,0.0,0.0,0.0,0.0
03/17/2025,03/14/2025,Expired,AVGO,03/14/2025,Put,185.0,Put Expired,Closed,2.0,0.0,0.0,0.0,0.0
03/17/2025,03/14/2025,Assigned,EXPE,03/14/2025,Put,170.0,Put Assigned,Closed,2.0,0.0,0.0,0.0,0.0
03/14/2025,03/14/2025,Buy to Close,CVX,03/28/2025,Call,165.0,Call Buy,Closed,5.0,0.32,-161.3,1.3,-162.6
03/14/2025,03/14/2025,Buy to Close,MSFT,03/14/2025,Put,375.0,Put Buy,Closed,2.0,0.01,-2.02,0.02,-2.04
03/14/2025,03/14/2025,Buy to Close,HD,03/14/2025,Put,350.0,Put Buy,Closed,3.0,0.4,-120.78,0.78,-121.56
03/14/2025,03/14/2025,Sell to Open,AAPL,03/28/2025,Call,230.0,Call Sell,Closed,1.0,0.56,55.74,0.26,55.48
03/14/2025,03/14/2025,Buy to Close,COST,03/14/2025,Put,900.0,Put Buy,Closed,2.0,0.2,-40.52,0.52,-41.04
03/14/2025,03/14/2025,Buy to Close,AAPL,03/14/2025,Call,235.0,Call Buy,Closed,3.0,0.01,-3.03,0.03,-3.06
03/14/2025,03/14/2025,Buy to Close,AAPL,03/14/2025,Put,210.0,Put Buy,Closed,1.0,0.05,-5.01,0.01,-5.02
03/14/2025,03/14/2025,Buy to Close,BLK,03/28/2025,Put,850.0,Put Buy,Closed,1.0,3.0,-300.26,0.26,-300.52
03/14/2025,03/14/2025,Buy to Close,SPY,03/14/2025,Put,535.0,Put Buy,Closed,3.0,0.01,-3.03,0.03,-3.06
03/14/2025,03/14/2025,Sell to Open,EXPE,03/28/2025,Call,172.5,Call Sell,Closed,2.0,1.5,299.46,0.54,298.92
03/14/2025,03/14/2025,Buy to Open,EXPE,03/28/2025,Put,150.0,Put Buy,Closed,2.0,1.65,-330.52,0.52,-331.04
03/14/2025,03/14/2025,Buy to Close,MCD,03/28/2025,Put,270.0,Put Buy,Closed,2.0,0.3,-60.52,0.52,-61.04
03/14/2025,03/14/2025,Buy to Close,IBIT,03/14/2025,Call,56.0,Call Buy,Closed,3.0,0.01,-3.03,0.03,-3.06
03/14/2025,03/14/2025,Buy to Close,CAT,03/14/2025,Put,335.0,Put Buy,Closed,2.0,0.15,-30.52,0.52,-31.04
03/14/2025,03/14/2025,Buy to Close,CVX,03/14/2025,Put,143.0,Put Buy,Closed,1.0,0.01,-1.01,0.01,-1.02
03/14/2025,03/14/2025,Buy to Close,CVX,03/14/2025,Call,165.0,Call Buy,Closed,9.0,0.01,-9.1,0.1,-9.2
03/14/2025,03/14/2025,Buy to Close,COST,03/14/2025,Put,860.0,Put Buy,Closed,1.0,0.02,-2.01,0.01,-2.02
03/14/2025,03/14/2025,Buy to Close,COST,03/14/2025,Put,840.0,Put Buy,Closed,1.0,0.02,-2.01,0.01,-2.02
03/14/2025,03/14/2025,Buy to Close,ORCL,03/14/2025,Put,130.0,Put Buy,Closed,2.0,0.01,-2.02,0.02,-2.04
03/14/2025,03/14/2025,Sell to Open,NVDA,03/21/2025,Call,131.0,Call Sell,Closed,5.0,0.89,443.68,1.32,442.36
03/14/2025,03/14/2025,Buy to Close,NVDA,03/21/2025,Call,130.0,Call Buy,Closed,5.0,1.05,-526.3,1.3,-527.6
03/14/2025,03/14/2025,Buy to Close,IVV,03/14/2025,Put,550.0,Put Buy,Closed,1.0,0.1,-10.26,0.26,-10.52
03/14/2025,03/14/2025,Buy to Close,MSFT,03/14/2025,Put,360.0,Put Buy,Closed,1.0,0.01,-1.01,0.01,-1.02
03/14/2025,03/14/2025,Buy to Close,MSFT,03/14/2025,Put,350.0,Put Buy,Closed,2.0,0.01,-2.02,0.02,-2.04
03/14/2025,03/14/2025,Buy to Close,MCD,03/14/2025,Put,290.0,Put Buy,Closed,2.0,0.02,-4.02,0.02,-4.04
03/14/2025,03/14/2025,Buy to Close,IBIT,03/14/2025,Put,48.0,Put Buy,Closed,1.0,0.78,-78.26,0.26,-78.52
03/14/2025,03/14/2025,Buy to Close,DE,03/14/2025,Put,460.0,Put Buy,Closed,2.0,0.1,-20.52,0.52,-21.04
03/14/2025,03/14/2025,Sell to Open,BLK,03/28/2025,Put,850.0,Put Sell,Closed,1.0,4.15,414.73,0.27,414.46
03/14/2025,03/14/2025,Sell to Open,AAPL,03/28/2025,Call,227.5,Call Sell,Closed,3.0,1.01,302.2,0.8,301.4
03/14/2025,03/13/2025,Assigned,AAPL,03/14/2025,Put,232.5,Put Assigned,Closed,1.0,0.0,0.0,0.0,0.0
03/14/2025,03/13/2025,Buy,AAPL,,,0.0,Stock Buy,Stock Trade,100.0,232.5,-23250.0,0.0,-23250.0
03/13/2025,03/13/2025,Sell to Open,WDAY,03/28/2025,Call,260.0,Call Sell,Closed,2.0,1.07,213.46,0.54,212.92
03/12/2025,03/12/2025,Sell to Open,ORCL,03/28/2025,Call,165.0,Call Sell,Closed,3.0,1.14,341.2,0.8,340.4
03/12/2025,03/12/2025,Sell to Open,XOM,03/21/2025,Call,115.0,Call Sell,Closed,3.0,0.42,125.21,0.79,124.42
03/12/2025,03/12/2025,Sell to Open,DE,03/28/2025,Put,405.0,Put Sell,Closed,1.0,1.23,122.74,0.26,122.48
03/12/2025,03/12/2025,Sell to Open,CVX,03/28/2025,Call,165.0,Call Sell,Closed,5.0,0.33,163.69,1.31,162.38
03/12/2025,03/12/2025,Sell to Open,COST,03/28/2025,Put,800.0,Put Sell,Closed,1.0,1.05,104.74,0.26,104.48
03/12/2025,03/12/2025,Sell to Open,AVGO,03/14/2025,Put,185.0,Put Sell,Closed,2.0,1.05,209.46,0.54,208.92
03/12/2025,03/12/2025,Sell to Open,ORCL,03/28/2025,Call,165.0,Call Sell,Closed,3.0,0.6,179.2,0.8,178.4
03/12/2025,03/12/2025,Sell to Open,INTC,03/28/2025,Call,24.0,Call Sell,Closed,25.0,0.27,668.39,6.61,661.78
03/12/2025,03/12/2025,Sell to Open,HD,03/28/2025,Call,395.0,Call Sell,Closed,3.0,0.92,275.2,0.8,274.4
03/12/2025,03/12/2025,Sell to Open,AVGO,03/28/2025,Call,225.0,Call Sell,Closed,5.0,1.36,678.67,1.33,677.34
03/12/2025,03/12/2025,Sell to Open,NVDA,03/21/2025,Call,130.0,Call Sell,Closed,5.0,1.1,548.67,1.33,547.34
03/11/2025,03/11/2025,Sell to Open,AAPL,03/14/2025,Put,210.0,Put Sell,Closed,1.0,1.1,109.74,0.26,109.48
03/11/2025,03/11/2025,Sell to Open,MCD,03/28/2025,Put,270.0,Put Sell,Closed,2.0,0.4,79.47,0.53,78.94
03/10/2025,03/10/2025,Buy to Open,NVDA,01/16/2026,Put,107.0,Put Buy,Open,2.0,17.9,-3580.52,0.52,-3581.04
03/10/2025,03/10/2025,Buy,NVDA,,,0.0,Stock Buy,Stock Trade,200.0,107.0,-21400.0,0.0,-21400.0
03/10/2025,03/10/2025,Sell to Open,AAPL,03/14/2025,Call,235.0,Call Sell,Closed,3.0,1.15,344.2,0.8,343.4
03/10/2025,03/10/2025,Sell to Open,COST,03/14/2025,Put,840.0,Put Sell,Closed,1.0,0.61,60.74,0.26,60.48
03/10/2025,03/10/2025,Buy to Open,AAPL,06/18/2026,Put,225.0,Put Buy,Open,3.0,23.3,-6990.78,0.78,-6991.56
03/10/2025,03/10/2025,Buy,AAPL,,,0.0,Stock Buy,Stock Trade,300.0,225.0,-67500.0,0.0,-67500.0
03/10/2025,03/10/2025,Sell to Open,WDAY,03/14/2025,Put,227.5,Put Sell,Closed,2.0,0.62,123.47,0.53,122.94
03/10/2025,03/10/2025,Sell to Open,CVX,03/14/2025,Call,165.0,Call Sell,Closed,9.0,0.21,186.61,2.39,184.22
03/10/2025,03/10/2025,Sell to Open,MSFT,03/14/2025,Put,350.0,Put Sell,Closed,2.0,0.52,103.47,0.53,102.94
03/10/2025,03/10/2025,Sell to Open,RF,03/21/2025,Put,21.0,Put Sell,Closed,3.0,0.3,89.21,0.79,88.42
03/10/2025,03/10/2025,Buy to Open,ORCL,06/20/2025,Put,150.0,Put Buy,Open,3.0,15.5,-4650.78,0.78,-4651.56
03/10/2025,03/10/2025,Sell to Open,SPY,03/14/2025,Put,535.0,Put Sell,Closed,3.0,0.68,203.2,0.8,202.4
03/10/2025,03/10/2025,Sell to Open,DE,03/14/2025,Put,460.0,Put Sell,Closed,2.0,0.7,139.47,0.53,138.94
03/10/2025,03/10/2025,Sell to Close,HD,03/21/2025,Put,360.0,Put Sell,Closed,3.0,2.88,863.19,0.81,862.38
03/10/2025,03/10/2025,Buy to Open,HD,06/18/2026,Put,380.0,Put Buy,Open,3.0,39.45,-11835.78,0.78,-11836.56
03/10/2025,03/10/2025,Sell to Open,CAT,03/14/2025,Put,335.0,Put Sell,Closed,2.0,1.3,259.46,0.54,258.92
03/10/2025,03/10/2025,Sell to Open,AVGO,03/14/2025,Put,165.0,Put Sell,Closed,2.0,0.68,135.47,0.53,134.94
03/10/2025,03/10/2025,Buy to Open,AMD,06/18/2026,Put,130.0,Put Buy,Open,15.0,36.93,-55398.91,3.91,-55402.82
03/10/2025,03/10/2025,Sell to Close,AMD,03/21/2025,Put,115.0,Put Sell,Closed,15.0,14.73,22090.44,4.56,22085.88
03/10/2025,03/10/2025,Qualified Dividend,CVX,,,0.0,Dividend,Qualified Dividend,0.0,0.0,1539.0,0.0,1539.0
03/10/2025,03/10/2025,Qualified Dividend,XOM,,,0.0,Dividend,Qualified Dividend,0.0,0.0,297.0,0.0,297.0
03/10/2025,03/07/2025,Buy,INTC,,,0.0,Stock Buy,Stock Trade,4500.0,23.5,-105750.0,0.0,-105750.0
03/10/2025,03/07/2025,Buy,HD,,,0.0,Stock Buy,Stock Trade,100.0,380.0,-38000.0,0.0,-38000.0
03/10/2025,03/07/2025,Buy,ORCL,,,0.0,Stock Buy,Stock Trade,300.0,160.0,-48000.0,0.0,-48000.0
03/10/2025,03/07/2025,Buy,NVDA,,,0.0,Stock Buy,Stock Trade,100.0,115.0,-11500.0,0.0,-11500.0
03/10/2025,03/07/2025,Buy,NVDA,,,0.0,Stock Buy,Stock Trade,100.0,116.0,-11600.0,0.0,-11600.0
03/10/2025,03/07/2025,Buy,NVDA,,,0.0,Stock Buy,Stock Trade,100.0,118.0,-11800.0,0.0,-11800.0
03/10/2025,03/07/2025,Expired,WDAY,03/07/2025,Put,247.5,Put Expired,Closed,2.0,0.0,0.0,0.0,0.0
03/10/2025,03/07/2025,Expired,AAPL,03/07/2025,Call,252.5,Call Expired,Closed,10.0,0.0,0.0,0.0,0.0
03/10/2025,03/07/2025,Expired,MSFT,03/07/2025,Put,360.0,Put Expired,Closed,2.0,0.0,0.0,0.0,0.0
03/10/2025,03/07/2025,Expired,AVGO,03/07/2025,Put,160.0,Put Expired,Closed,3.0,0.0,0.0,0.0,0.0
03/10/2025,03/07/2025,Expired,XOM,03/07/2025,Put,107.0,Put Expired,Closed,2.0,0.0,0.0,0.0,0.0
03/10/2025,03/07/2025,Expired,MSFT,03/07/2025,Call,410.0,Call Expired,Closed,-2.0,0.0,0.0,0.0,0.0
03/10/2025,03/07/2025,Expired,MSFT,03/07/2025,Call,415.0,Call Expired,Closed,2.0,0.0,0.0,0.0,0.0
03/10/2025,03/07/2025,Expired,MSFT,03/07/2025,Put,375.0,Put Expired,Closed,2.0,0.0,0.0,0.0,0.0
03/10/2025,03/07/2025,Expired,MCD,03/07/2025,Put,295.0,Put Expired,Closed,2.0,0.0,0.0,0.0,0.0
03/10/2025,03/07/2025,Expired,HD,03/07/2025,Call,405.0,Call Expired,Closed,2.0,0.0,0.0,0.0,0.0
03/10/2025,03/07/2025,Expired,CAT,03/07/2025,Put,330.0,Put Expired,Closed,1.0,0.0,0.0,0.0,0.0
03/10/2025,03/07/2025,Assigned,INTC,03/07/2025,Put,23.5,Put Assigned,Closed,45.0,0.0,0.0,0.0,0.0
03/10/2025,03/07/2025,Assigned,HD,03/07/2025,Put,380.0,Put Assigned,Closed,1.0,0.0,0.0,0.0,0.0
03/10/2025,03/07/2025,Assigned,ORCL,03/07/2025,Put,160.0,Put Assigned,Closed,3.0,0.0,0.0,0.0,0.0
03/10/2025,03/07/2025,Assigned,NVDA,03/07/2025,Put,115.0,Put Assigned,Closed,1.0,0.0,0.0,0.0,0.0
03/10/2025,03/07/2025,Assigned,NVDA,03/07/2025,Put,116.0,Put Assigned,Closed,1.0,0.0,0.0,0.0,0.0
03/10/2025,03/07/2025,Assigned,NVDA,03/07/2025,Put,118.0,Put Assigned,Closed,1.0,0.0,0.0,0.0,0.0
03/07/2025,03/07/2025,Buy to Close,AAPL,03/07/2025,Put,237.5,Put Buy,Closed,1.0,0.04,-4.01,0.01,-4.02
03/07/2025,03/07/2025,Sell to Open,AAPL,03/14/2025,Put,232.5,Put Sell,Closed,1.0,1.79,178.74,0.26,178.48
03/07/2025,03/07/2025,Sell to Open,MSFT,03/14/2025,Put,360.0,Put Sell,Closed,1.0,0.52,51.74,0.26,51.48
03/07/2025,03/07/2025,Buy to Close,WDAY,03/07/2025,Call,272.5,Call Buy,Closed,2.0,0.1,-20.52,0.52,-21.04
03/07/2025,03/07/2025,Sell to Open,COST,03/14/2025,Put,860.0,Put Sell,Closed,1.0,0.5,49.74,0.26,49.48
03/06/2025,03/06/2025,Sell to Open,COST,03/14/2025,Put,900.0,Put Sell,Closed,2.0,1.07,213.46,0.54,212.92
03/06/2025,03/06/2025,Sell to Open,MSFT,03/14/2025,Put,375.0,Put Sell,Closed,2.0,0.93,185.46,0.54,184.92
03/06/2025,03/06/2025,Sell to Open,IVV,03/14/2025,Put,550.0,Put Sell,Closed,1.0,1.25,124.74,0.26,124.48
03/06/2025,03/06/2025,Sell to Open,HD,03/14/2025,Put,350.0,Put Sell,Closed,3.0,0.49,146.21,0.79,145.42
03/06/2025,03/06/2025,Sell to Open,EXPE,03/14/2025,Put,170.0,Put Sell,Closed,2.0,0.41,81.47,0.53,80.94
03/06/2025,03/06/2025,Buy to Open,CVX,01/16/2026,Put,150.0,Put Buy,Open,9.0,12.65,-11387.35,2.35,-11389.7
03/06/2025,03/06/2025,Sell to Close,CVX,03/21/2025,Put,150.0,Put Sell,Closed,9.0,2.95,2652.55,2.45,2650.1
03/06/2025,03/06/2025,Sell to Open,ORCL,03/14/2025,Put,130.0,Put Sell,Closed,2.0,0.83,165.47,0.53,164.94
03/06/2025,03/06/2025,Cash Dividend,AGG,,,0.0,Dividend,Cash Dividend,0.0,0.0,60.84,0.0,60.84
03/06/2025,03/05/2025,Buy to Close,SPXW,03/05/2025,Call,5840.0,Call Buy,Closed,1.0,2.63,-263.0,0.0,-263.0
03/06/2025,03/05/2025,Expired,SPXW,03/05/2025,Put,5705.0,Put Expired,Closed,1.0,0.0,0.0,0.0,0.0
03/06/2025,03/05/2025,Expired,SPXW,03/05/2025,Call,5845.0,Call Expired,Closed,-1.0,0.0,0.0,0.0,0.0
03/06/2025,03/05/2025,Expired,SPXW,03/05/2025,Put,5700.0,Put Expired,Closed,-1.0,0.0,0.0,0.0,0.0
03/05/2025,03/05/2025,Sell to Open,IBIT,03/14/2025,Call,56.0,Call Sell,Closed,3.0,0.56,167.21,0.79,166.42
03/05/2025,03/05/2025,Sell to Open,IBIT,03/14/2025,Put,48.0,Put Sell,Closed,1.0,0.79,78.74,0.26,78.48
03/05/2025,03/05/2025,Sell to Open,CVX,03/14/2025,Put,143.0,Put Sell,Closed,1.0,0.53,52.74,0.26,52.48
03/04/2025,03/04/2025,Buy to Open,SPXW,03/05/2025,Put,5700.0,Put Buy,Closed,1.0,8.96,-896.82,0.82,-897.64
03/04/2025,03/04/2025,Sell to Open,SPXW,03/05/2025,Put,5705.0,Put Sell,Closed,1.0,9.84,983.18,0.82,982.36
03/04/2025,03/04/2025,Buy to Open,SPXW,03/05/2025,Call,5845.0,Call Buy,Closed,1.0,11.11,-1111.82,0.82,-1112.64
03/04/2025,03/04/2025,Sell to Open,SPXW,03/05/2025,Call,5840.0,Call Sell,Closed,1.0,12.43,1242.18,0.82,1241.36
03/04/2025,03/04/2025,Sell,COST,,,0.0,Stock Sell,Stock Trade,300.0,1041.41,312412.91,8.74,312404.17
03/04/2025,03/04/2025,Buy to Close,COST,03/07/2025,Call,1050.0,Call Buy,Closed,3.0,19.56,-5868.78,0.78,-5869.56
03/04/2025,03/04/2025,Sell to Close,COST,03/07/2025,Put,1045.0,Put Sell,Closed,3.0,24.78,7433.0,1.0,7432.0
03/03/2025,03/03/2025,Sell to Open,AAPL,03/07/2025,Call,252.5,Call Sell,Closed,10.0,0.23,227.35,2.65,224.7
03/03/2025,03/03/2025,Sell to Open,MCD,03/14/2025,Put,290.0,Put Sell,Closed,2.0,0.52,103.47,0.53,102.94
03/03/2025,03/03/2025,Buy to Close,INTC,03/07/2025,Put,22.0,Put Buy,Closed,45.0,0.13,-596.74,11.74,-608.48
03/03/2025,03/03/2025,Sell to Open,INTC,03/07/2025,Put,23.5,Put Sell,Closed,45.0,0.51,2283.07,11.93,2271.14
03/03/2025,03/03/2025,Sell to Close,INTC,03/21/2025,Put,20.0,Put Sell,Closed,45.0,0.14,618.11,11.89,606.22
03/03/2025,03/03/2025,Buy to Open,INTC,06/18/2026,Put,23.0,Put Buy,Open,45.0,4.55,-20486.74,11.74,-20498.48
03/03/2025,03/03/2025,Sell to Open,AVGO,03/07/2025,Put,160.0,Put Sell,Closed,3.0,0.82,245.2,0.8,244.4
03/03/2025,03/03/2025,Sell to Open,CAT,03/07/2025,Put,330.0,Put Sell,Closed,1.0,1.01,100.74,0.26,100.48
03/03/2025,03/03/2025,Sell to Open,AAPL,03/07/2025,Put,237.5,Put Sell,Closed,1.0,1.08,107.74,0.26,107.48
03/03/2025,02/28/2025,Expired,WDAY,02/28/2025,Call,270.0,Call Expired,Closed,1.0,0.0,0.0,0.0,0.0
03/03/2025,02/28/2025,Expired,ORCL,02/28/2025,Put,160.0,Put Expired,Closed,3.0,0.0,0.0,0.0,0.0
03/03/2025,02/28/2025,Expired,MSFT,02/28/2025,Put,385.0,Put Expired,Closed,1.0,0.0,0.0,0.0,0.0
03/03/2025,02/28/2025,Expired,MCD,02/28/2025,Put,290.0,Put Expired,Closed,2.0,0.0,0.0,0.0,0.0
03/03/2025,02/28/2025,Expired,HD,02/28/2025,Call,405.0,Call Expired,Closed,2.0,0.0,0.0,0.0,0.0
03/03/2025,02/28/2025,Expired,CAT,02/28/2025,Put,325.0,Put Expired,Closed,1.0,0.0,0.0,0.0,0.0
03/03/2025,02/28/2025,Expired,CAT,02/28/2025,Put,335.0,Put Expired,Closed,1.0,0.0,0.0,0.0,0.0
03/03/2025,02/28/2025,Expired,BLK,02/28/2025,Put,930.0,Put Expired,Closed,1.0,0.0,0.0,0.0,0.0
03/03/2025,02/28/2025,Expired,AVGO,02/28/2025,Put,195.0,Put Expired,Closed,2.0,0.0,0.0,0.0,0.0
03/03/2025,02/28/2025,Expired,AAPL,02/28/2025,Put,240.0,Put Expired,Closed,1.0,0.0,0.0,0.0,0.0
03/03/2025,02/28/2025,Expired,AAPL,02/28/2025,Call,260.0,Call Expired,Closed,10.0,0.0,0.0,0.0,0.0
03/03/2025,02/28/2025,Expired,AAPL,02/28/2025,Call,255.0,Call Expired,Closed,10.0,0.0,0.0,0.0,0.0
03/03/2025,02/28/2025,Expired,SPY,02/28/2025,Call,602.0,Call Expired,Closed,2.0,0.0,0.0,0.0,0.0
03/03/2025,02/28/2025,Expired,SPY,02/28/2025,Call,605.0,Call Expired,Closed,-2.0,0.0,0.0,0.0,0.0
03/03/2025,02/28/2025,Expired,SPY,02/28/2025,Put,590.0,Put Expired,Closed,2.0,0.0,0.0,0.0,0.0
03/03/2025,02/28/2025,Expired,SPY,02/28/2025,Put,587.0,Put Expired,Closed,-2.0,0.0,0.0,0.0,0.0
03/03/2025,02/28/2025,Assigned,ORCL,02/28/2025,Put,170.0,Put Assigned,Closed,3.0,0.0,0.0,0.0,0.0
03/03/2025,02/28/2025,Assigned,AVGO,02/28/2025,Put,207.5,Put Assigned,Closed,1.0,0.0,0.0,0.0,0.0
03/03/2025,02/28/2025,Buy,ORCL,,,0.0,Stock Buy,Stock Trade,300.0,170.0,-51000.0,0.0,-51000.0
03/03/2025,02/28/2025,Buy,AVGO,,,0.0,Stock Buy,Stock Trade,100.0,207.5,-20750.0,0.0,-20750.0
02/28/2025,02/28/2025,Buy to Close,WDAY,02/28/2025,Call,270.0,Call Buy,Closed,1.0,0.03,-3.01,0.01,-3.02
02/28/2025,02/28/2025,Buy to Close,AAPL,03/07/2025,Call,242.5,Call Buy,Closed,1.0,2.92,-292.26,0.26,-292.52
02/28/2025,02/28/2025,Sell to Open,WDAY,03/07/2025,Call,272.5,Call Sell,Closed,2.0,1.42,283.46,0.54,282.92
02/28/2025,02/28/2025,Sell to Open,MSFT,03/07/2025,Put,360.0,Put Sell,Closed,2.0,0.41,81.47,0.53,80.94
02/28/2025,02/28/2025,Sell to Open,HD,03/07/2025,Call,405.0,Call Sell,Closed,2.0,1.45,289.46,0.54,288.92
02/28/2025,02/28/2025,Sell to Open,AAPL,03/07/2025,Call,242.5,Call Sell,Closed,1.0,1.4,139.74,0.26,139.48
02/27/2025,02/27/2025,Credit Interest,,,,0.0,Interest,Credit Interest,0.0,0.0,21.2,0.0,21.2
02/27/2025,02/27/2025,Margin Interest,,,,0.0,Interest,Margin Interest,0.0,0.0,-18.1,0.0,-18.1
02/27/2025,02/27/2025,Sell to Open,MSFT,03/07/2025,Put,375.0,Put Sell,Closed,2.0,1.07,213.46,0.54,212.92
02/27/2025,02/27/2025,Buy to Close,WDAY,02/28/2025,Put,257.5,Put Buy,Closed,2.0,0.55,-110.52,0.52,-111.04
02/27/2025,02/27/2025,Sell to Close,NKE,07/18/2025,Put,70.0,Put Sell,Open,10.0,2.45,2447.29,2.71,2444.58
02/27/2025,02/27/2025,Buy to Close,NKE,02/28/2025,Put,73.0,Put Buy,Closed,10.0,0.02,-20.11,0.11,-20.22
02/27/2025,02/27/2025,Sell to Open,NVDA,03/07/2025,Put,116.0,Put Sell,Closed,1.0,0.85,84.74,0.26,84.48
02/27/2025,02/27/2025,Sell to Open,NVDA,03/07/2025,Put,118.0,Put Sell,Closed,1.0,1.2,119.74,0.26,119.48
02/27/2025,02/27/2025,Sell to Open,NVDA,03/07/2025,Put,115.0,Put Sell,Closed,1.0,0.74,73.74,0.26,73.48
02/27/2025,02/27/2025,Sell to Open,ORCL,03/07/2025,Put,160.0,Put Sell,Closed,3.0,0.65,194.2,0.8,193.4
02/27/2025,02/27/2025,Buy to Open,SPY,02/28/2025,Put,587.0,Put Buy,Closed,2.0,0.85,-170.52,0.52,-171.04
02/27/2025,02/27/2025,Sell to Open,SPY,02/28/2025,Put,590.0,Put Sell,Closed,2.0,1.44,287.46,0.54,286.92
02/27/2025,02/27/2025,Buy to Open,SPY,02/28/2025,Call,605.0,Call Buy,Closed,2.0,0.27,-54.52,0.52,-55.04
02/27/2025,02/27/2025,Sell to Open,SPY,02/28/2025,Call,602.0,Call Sell,Closed,2.0,0.73,145.47,0.53,144.94
02/27/2025,02/27/2025,Sell to Open,WDAY,03/07/2025,Put,247.5,Put Sell,Closed,2.0,0.75,149.47,0.53,148.94
02/27/2025,02/27/2025,Sell to Open,XOM,03/07/2025,Put,107.0,Put Sell,Closed,2.0,0.52,103.47,0.53,102.94
02/26/2025,02/26/2025,Sell to Open,MCD,03/07/2025,Put,295.0,Put Sell,Closed,2.0,0.94,187.46,0.54,186.92
02/26/2025,02/26/2025,Buy to Close,WDAY,02/28/2025,Put,220.0,Put Buy,Closed,2.0,0.02,-4.02,0.02,-4.04
02/26/2025,02/26/2025,Buy to Close,HD,02/28/2025,Put,350.0,Put Buy,Closed,1.0,0.01,-1.01,0.01,-1.02
02/26/2025,02/26/2025,Sell to Open,HD,03/07/2025,Put,380.0,Put Sell,Closed,1.0,1.17,116.74,0.26,116.48
02/26/2025,02/26/2025,Sell to Open,WDAY,02/28/2025,Put,257.5,Put Sell,Closed,2.0,0.9,179.46,0.54,178.92
02/25/2025,02/25/2025,Sell to Open,HD,02/28/2025,Call,405.0,Call Sell,Closed,2.0,2.59,517.46,0.54,516.92
02/25/2025,02/25/2025,Sell to Close,GOOGL,03/21/2025,Put,180.0,Put Sell,Closed,20.0,6.75,13494.34,5.66,13488.68
02/25/2025,02/25/2025,Sell,GOOGL,,,0.0,Stock Sell,Stock Trade,1000.0,176.8,176794.91,5.09,176789.82
02/25/2025,02/25/2025,Buy to Close,GOOGL,03/21/2025,Put,200.0,Put Buy,Closed,10.0,23.3,-23302.61,2.61,-23305.22
02/25/2025,02/25/2025,Buy to Close,GOOGL,02/28/2025,Call,185.0,Call Buy,Closed,10.0,0.19,-192.61,2.61,-195.22
02/25/2025,02/25/2025,Sell to Open,AVGO,02/28/2025,Put,195.0,Put Sell,Closed,2.0,1.89,377.46,0.54,376.92
02/25/2025,02/25/2025,Buy to Close,HD,02/28/2025,Put,380.0,Put Buy,Closed,1.0,0.6,-60.26,0.26,-60.52
02/25/2025,02/25/2025,Sell to Open,HD,02/28/2025,Put,380.0,Put Sell,Closed,1.0,1.4,139.74,0.26,139.48
02/24/2025,02/24/2025,Sell to Open,GOOGL,02/28/2025,Call,185.0,Call Sell,Closed,10.0,0.85,847.34,2.66,844.68
02/24/2025,02/24/2025,Sell to Open,MSFT,02/28/2025,Put,385.0,Put Sell,Closed,1.0,0.61,60.74,0.26,60.48
02/24/2025,02/21/2025,Expired,ORCL,02/21/2025,Put,167.5,Put Expired,Closed,3.0,0.0,0.0,0.0,0.0
02/24/2025,02/21/2025,Expired,INTC,02/21/2025,Put,21.5,Put Expired,Closed,25.0,0.0,0.0,0.0,0.0
02/24/2025,02/21/2025,Expired,AVGO,02/21/2025,Put,217.5,Put Expired,Closed,1.0,0.0,0.0,0.0,0.0
02/24/2025,02/21/2025,Expired,GBTC,02/21/2025,Put,66.0,Put Expired,Closed,2.0,0.0,0.0,0.0,0.0
02/24/2025,02/21/2025,Expired,ISRG,02/21/2025,Put,565.0,Put Expired,Closed,2.0,0.0,0.0,0.0,0.0
02/24/2025,02/21/2025,Expired,CMI,02/21/2025,Put,320.0,Put Expired,Closed,2.0,0.0,0.0,0.0,0.0
02/24/2025,02/21/2025,Expired,IBIT,02/21/2025,Put,54.0,Put Expired,Closed,1.0,0.0,0.0,0.0,0.0
02/24/2025,02/21/2025,Expired,MCD,02/21/2025,Put,300.0,Put Expired,Closed,1.0,0.0,0.0,0.0,0.0
02/24/2025,02/21/2025,Expired,BLK,02/21/2025,Put,950.0,Put Expired,Closed,2.0,0.0,0.0,0.0,0.0
02/24/2025,02/21/2025,Expired,INTC,02/21/2025,Put,22.0,Put Expired,Closed,20.0,0.0,0.0,0.0,0.0
02/24/2025,02/21/2025,Expired,AAPL,02/21/2025,Put,235.0,Put Expired,Closed,1.0,0.0,0.0,0.0,0.0
02/24/2025,02/21/2025,Expired,MSFT,02/21/2025,Put,405.0,Put Expired,Closed,5.0,0.0,0.0,0.0,0.0
02/24/2025,02/21/2025,Expired,MSFT,02/21/2025,Put,395.0,Put Expired,Closed,5.0,0.0,0.0,0.0,0.0
02/24/2025,02/21/2025,Expired,MSFT,02/21/2025,Put,390.0,Put Expired,Closed,2.0,0.0,0.0,0.0,0.0
02/24/2025,02/21/2025,Expired,GOOGL,02/21/2025,Call,190.0,Call Expired,Closed,1.0,0.0,0.0,0.0,0.0
02/24/2025,02/21/2025,Expired,VGT,02/21/2025,Put,570.0,Put Expired,Closed,3.0,0.0,0.0,0.0,0.0
02/24/2025,02/21/2025,Expired,CAT,02/21/2025,Call,370.0,Call Expired,Closed,4.0,0.0,0.0,0.0,0.0
02/24/2025,02/21/2025,Assigned,HD,02/21/2025,Put,390.0,Put Assigned,Closed,2.0,0.0,0.0,0.0,0.0
02/24/2025,02/21/2025,Assigned,GOOGL,02/21/2025,Put,182.5,Put Assigned,Closed,9.0,0.0,0.0,0.0,0.0
02/24/2025,02/21/2025,Buy,HD,,,0.0,Stock Buy,Stock Trade,200.0,390.0,-78000.0,0.0,-78000.0
02/24/2025,02/21/2025,Buy,GOOGL,,,0.0,Stock Buy,Stock Trade,900.0,182.5,-164250.0,0.0,-164250.0
02/21/2025,02/21/2025,Sell to Open,HD,02/28/2025,Put,350.0,Put Sell,Closed,1.0,1.05,104.74,0.26,104.48
02/21/2025,02/21/2025,Sell to Open,ORCL,02/28/2025,Put,160.0,Put Sell,Closed,3.0,0.65,194.2,0.8,193.4
02/21/2025,02/21/2025,Sell to Open,BLK,02/28/2025,Put,930.0,Put Sell,Closed,1.0,1.4,139.74,0.26,139.48
02/21/2025,02/21/2025,Sell to Open,WDAY,02/28/2025,Put,220.0,Put Sell,Closed,2.0,1.1,219.46,0.54,218.92
02/21/2025,02/21/2025,Buy to Close,WDAY,02/21/2025,Put,250.0,Put Buy,Closed,2.0,0.15,-30.52,0.52,-31.04
02/21/2025,02/21/2025,Sell to Open,WDAY,02/28/2025,Call,270.0,Call Sell,Closed,2.0,7.4,1479.43,0.57,1478.86
02/21/2025,02/21/2025,Buy to Close,WDAY,02/21/2025,Call,262.5,Call Buy,Closed,2.0,0.1,-20.52,0.52,-21.04
02/21/2025,02/21/2025,Sell to Open,CAT,02/28/2025,Put,325.0,Put Sell,Closed,1.0,0.45,44.74,0.26,44.48
02/20/2025,02/20/2025,Sell to Close,CF,02/21/2025,Put,79.0,Put Sell,Closed,1.0,0.35,34.74,0.26,34.48
02/20/2025,02/20/2025,Buy to Close,CF,02/21/2025,Put,84.0,Put Buy,Closed,1.0,3.78,-378.26,0.26,-378.52
02/20/2025,02/20/2025,Sell to Close,CF,02/21/2025,Call,99.0,Call Sell,Closed,1.0,0.52,51.74,0.26,51.48
02/20/2025,02/20/2025,Buy to Close,CF,02/21/2025,Call,94.0,Call Buy,Closed,1.0,0.59,-59.26,0.26,-59.52
02/20/2025,02/20/2025,Sell to Open,AAPL,02/28/2025,Put,240.0,Put Sell,Closed,1.0,1.1,109.74,0.26,109.48
02/20/2025,02/20/2025,Sell to Close,VIX,06/18/2025,Call,16.0,Call Sell,Open,10.0,3.9,3893.19,6.81,3886.38
02/20/2025,02/20/2025,Sell to Open,INTC,03/07/2025,Put,22.0,Put Sell,Closed,45.0,0.23,1023.1,11.9,1011.2
02/19/2025,02/19/2025,Sell to Open,MSFT,02/21/2025,Put,405.0,Put Sell,Closed,5.0,0.87,433.68,1.32,432.36
02/19/2025,02/19/2025,Sell to Open,CAT,02/28/2025,Put,335.0,Put Sell,Closed,1.0,1.02,101.74,0.26,101.48
02/19/2025,02/19/2025,Sell to Open,GBTC,03/21/2025,Put,68.0,Put Sell,Closed,2.0,1.15,229.46,0.54,228.92
02/19/2025,02/19/2025,Sell to Open,MCD,02/28/2025,Put,290.0,Put Sell,Closed,2.0,0.45,89.47,0.53,88.94
02/19/2025,02/19/2025,Sell to Open,AVGO,02/28/2025,Put,207.5,Put Sell,Closed,1.0,1.24,123.74,0.26,123.48
02/18/2025,02/18/2025,Reinvest Dividend,SGUXX,,,0.0,Reinvest Dividend,Reinvest Dividend,0.0,0.0,10167.38,0.0,10167.38
02/18/2025,02/18/2025,Reinvest Shares,SGUXX,,,0.0,Reinvest Shares,Reinvest Shares,10167.38,1.0,-10167.38,0.0,-10167.38
02/18/2025,02/18/2025,Sell,META,,,0.0,Stock Sell,Stock Trade,700.0,713.79,499638.99,14.01,499624.98
02/18/2025,02/18/2025,Sell to Close,META,03/07/2025,Put,750.0,Put Sell,Closed,7.0,40.23,28158.37,2.63,28155.74
02/18/2025,02/18/2025,Buy to Close,META,03/07/2025,Call,745.0,Call Buy,Closed,7.0,6.72,-4705.83,1.83,-4707.66
02/18/2025,02/18/2025,Sell to Open,AAPL,02/28/2025,Call,260.0,Call Sell,Closed,10.0,0.26,257.35,2.65,254.7
02/18/2025,02/18/2025,Sell to Open,ORCL,02/28/2025,Put,170.0,Put Sell,Closed,3.0,0.67,200.2,0.8,199.4
02/18/2025,02/18/2025,Sell to Open,AAPL,02/28/2025,Call,255.0,Call Sell,Closed,10.0,0.66,657.34,2.66,654.68
02/18/2025,02/18/2025,Sell to Open,NKE,02/28/2025,Put,73.0,Put Sell,Closed,10.0,0.37,367.35,2.65,364.7
02/18/2025,02/18/2025,Sell to Open,CAT,02/21/2025,Call,370.0,Call Sell,Closed,4.0,0.27,106.95,1.05,105.9
02/18/2025,02/18/2025,Sell to Open,MCD,02/21/2025,Put,300.0,Put Sell,Closed,1.0,0.5,49.74,0.26,49.48
02/18/2025,02/18/2025,Sell to Open,GOOGL,02/21/2025,Call,190.0,Call Sell,Closed,1.0,0.43,42.74,0.26,42.48
02/18/2025,02/18/2025,Sell to Open,HD,02/21/2025,Put,390.0,Put Sell,Closed,2.0,0.49,97.47,0.53,96.94
02/18/2025,02/18/2025,Sell to Open,GOOGL,02/21/2025,Put,182.5,Put Sell,Closed,9.0,1.12,1005.59,2.41,1003.18
02/18/2025,02/18/2025,Sell to Open,WDAY,02/21/2025,Call,262.5,Call Sell,Closed,2.0,2.12,423.46,0.54,422.92
02/18/2025,02/18/2025,Sell,NVDA,,,0.0,Stock Sell,Stock Trade,300.0,142.0,42598.77,1.23,42597.54
02/18/2025,02/14/2025,Sell,AAPL,,,0.0,Stock Sell,Stock Trade,100.0,235.0,23499.33,0.67,23498.66
02/18/2025,02/14/2025,Sell,INTC,,,0.0,Stock Sell,Stock Trade,4500.0,22.0,98996.5,3.5,98993.0
02/18/2025,02/14/2025,Sell,NKE,,,0.0,Stock Sell,Stock Trade,1000.0,73.0,72997.8,2.2,72995.6
02/18/2025,02/14/2025,Buy,TOL,,,0.0,Stock Buy,Stock Trade,100.0,128.0,-12800.0,0.0,-12800.0
02/18/2025,02/14/2025,Buy,CAT,,,0.0,Stock Buy,Stock Trade,100.0,355.0,-35500.0,0.0,-35500.0
02/18/2025,02/14/2025,Buy,WDAY,,,0.0,Stock Buy,Stock Trade,200.0,260.0,-52000.0,0.0,-52000.0
02/18/2025,02/14/2025,Expired,AAPL,02/14/2025,Call,252.5,Call Expired,Closed,10.0,0.0,0.0,0.0,0.0
02/18/2025,02/14/2025,Expired,XOM,02/14/2025,Call,113.0,Call Expired,Closed,3.0,0.0,0.0,0.0,0.0
02/18/2025,02/14/2025,Expired,XLK,02/14/2025,Put,215.0,Put Expired,Closed,2.0,0.0,0.0,0.0,0.0
02/18/2025,02/14/2025,Expired,WDAY,02/14/2025,Put,250.0,Put Expired,Closed,2.0,0.0,0.0,0.0,0.0
02/18/2025,02/14/2025,Expired,WDAY,02/14/2025,Put,240.0,Put Expired,Closed,2.0,0.0,0.0,0.0,0.0
02/18/2025,02/14/2025,Expired,ORCL,02/14/2025,Put,165.0,Put Expired,Closed,3.0,0.0,0.0,0.0,0.0
02/18/2025,02/14/2025,Expired,MSFT,02/14/2025,Put,405.0,Put Expired,Closed,1.0,0.0,0.0,0.0,0.0
02/18/2025,02/14/2025,Expired,MCD,02/14/2025,Put,295.0,Put Expired,Closed,1.0,0.0,0.0,0.0,0.0
02/18/2025,02/14/2025,Expired,HD,02/14/2025,Put,400.0,Put Expired,Closed,1.0,0.0,0.0,0.0,0.0
02/18/2025,02/14/2025,Expired,HD,02/14/2025,Put,390.0,Put Expired,Closed,1.0,0.0,0.0,0.0,0.0
02/18/2025,02/14/2025,Expired,HD,02/14/2025,Put,395.0,Put Expired,Closed,1.0,0.0,0.0,0.0,0.0
02/18/2025,02/14/2025,Expired,GOOGL,02/14/2025,Put,185.0,Put Expired,Closed,4.0,0.0,0.0,0.0,0.0
02/18/2025,02/14/2025,Expired,CAT,02/14/2025,Call,380.0,Call Expired,Closed,3.0,0.0,0.0,0.0,0.0
02/18/2025,02/14/2025,Expired,BLK,02/14/2025,Put,890.0,Put Expired,Closed,1.0,0.0,0.0,0.0,0.0
02/18/2025,02/14/2025,Expired,BLK,02/14/2025,Put,940.0,Put Expired,Closed,1.0,0.0,0.0,0.0,0.0
02/18/2025,02/14/2025,Expired,BLK,02/14/2025,Put,960.0,Put Expired,Closed,2.0,0.0,0.0,0.0,0.0
02/18/2025,02/14/2025,Expired,BLK,02/14/2025,Put,970.0,Put Expired,Closed,1.0,0.0,0.0,0.0,0.0
02/18/2025,02/14/2025,Assigned,AAPL,02/14/2025,Call,235.0,Call Assigned,Closed,1.0,0.0,0.0,0.0,0.0
02/18/2025,02/14/2025,Assigned,INTC,02/14/2025,Call,22.0,Call Assigned,Closed,45.0,0.0,0.0,0.0,0.0
02/18/2025,02/14/2025,Assigned,NKE,02/14/2025,Call,73.0,Call Assigned,Closed,10.0,0.0,0.0,0.0,0.0
02/18/2025,02/14/2025,Assigned,TOL,02/14/2025,Put,128.0,Put Assigned,Closed,1.0,0.0,0.0,0.0,0.0
02/18/2025,02/14/2025,Assigned,CAT,02/14/2025,Put,355.0,Put Assigned,Closed,1.0,0.0,0.0,0.0,0.0
02/18/2025,02/14/2025,Assigned,WDAY,02/14/2025,Put,260.0,Put Assigned,Closed,2.0,0.0,0.0,0.0,0.0
02/14/2025,02/14/2025,Sell to Open,WDAY,02/21/2025,Put,250.0,Put Sell,Closed,2.0,0.75,149.47,0.53,148.94
02/14/2025,02/14/2025,Sell to Close,QCOM,04/17/2025,Put,145.0,Put Sell,Open,10.0,0.85,847.34,2.66,844.68
02/14/2025,02/14/2025,Sell to Close,QCOM,04/17/2025,Put,140.0,Put Sell,Open,3.0,0.55,164.21,0.79,163.42
02/14/2025,02/14/2025,Sell,QCOM,,,0.0,Stock Sell,Stock Trade,200.0,171.5,34299.02,0.98,34298.04
02/14/2025,02/14/2025,Buy to Close,QCOM,02/21/2025,Call,175.0,Call Buy,Closed,2.0,1.01,-202.52,0.52,-203.04
02/14/2025,02/14/2025,Buy to Close,QCOM,02/21/2025,Put,170.0,Put Buy,Closed,11.0,1.64,-1806.87,2.87,-1809.74
02/14/2025,02/14/2025,Buy to Close,QCOM,02/14/2025,Call,175.0,Call Buy,Closed,2.0,0.01,-2.02,0.02,-2.04
02/14/2025,02/14/2025,Buy to Close,QCOM,02/14/2025,Put,162.5,Put Buy,Closed,5.0,0.02,-10.05,0.05,-10.1
02/14/2025,02/14/2025,Buy to Close,QCOM,02/14/2025,Put,165.0,Put Buy,Closed,6.0,0.02,-12.07,0.07,-12.14
02/14/2025,02/14/2025,Sell to Open,QCOM,02/21/2025,Put,170.0,Put Sell,Closed,11.0,1.78,1955.05,2.95,1952.1
02/14/2025,02/14/2025,Sell to Open,QCOM,02/21/2025,Call,175.0,Call Sell,Closed,2.0,0.97,193.46,0.54,192.92
02/14/2025,02/14/2025,Buy to Close,GOOGL,02/14/2025,Put,180.0,Put Buy,Closed,5.0,0.02,-10.05,0.05,-10.1
02/14/2025,02/14/2025,Buy to Close,GOOGL,02/14/2025,Call,192.5,Call Buy,Closed,1.0,0.01,-1.01,0.01,-1.02
02/14/2025,02/14/2025,Buy to Close,AVGO,02/14/2025,Put,220.0,Put Buy,Closed,1.0,0.02,-2.01,0.01,-2.02
02/14/2025,02/14/2025,Buy to Close,AVGO,02/14/2025,Put,210.0,Put Buy,Closed,1.0,0.01,-1.01,0.01,-1.02
02/14/2025,02/14/2025,Sell to Open,ORCL,02/21/2025,Put,167.5,Put Sell,Closed,3.0,0.56,167.21,0.79,166.42
02/14/2025,02/14/2025,Sell to Open,ISRG,02/21/2025,Put,565.0,Put Sell,Closed,2.0,0.6,119.47,0.53,118.94
02/14/2025,02/14/2025,Buy,COST,,,0.0,Stock Buy,Stock Trade,300.0,1071.37,-321411.0,0.0,-321411.0
02/14/2025,02/14/2025,Sell to Open,COST,03/07/2025,Call,1050.0,Call Sell,Closed,3.0,41.55,12463.86,1.14,12462.72
02/14/2025,02/14/2025,Buy to Open,COST,03/07/2025,Put,1045.0,Put Buy,Closed,3.0,16.08,-4824.78,0.78,-4825.56
02/14/2025,02/14/2025,Sell to Open,VGT,03/21/2025,Put,550.0,Put Sell,Closed,3.0,1.2,359.2,0.8,358.4
02/14/2025,02/14/2025,Buy,META,,,0.0,Stock Buy,Stock Trade,700.0,736.68,-515676.0,0.0,-515676.0
02/14/2025,02/14/2025,Buy to Open,META,03/07/2025,Put,750.0,Put Buy,Closed,7.0,25.46,-17823.83,1.83,-17825.66
02/14/2025,02/14/2025,Sell to Open,META,03/07/2025,Call,745.0,Call Sell,Closed,7.0,15.8,11057.84,2.16,11055.68
02/14/2025,02/14/2025,Sell to Open,BLK,02/21/2025,Put,950.0,Put Sell,Closed,2.0,2.32,463.46,0.54,462.92
02/14/2025,02/14/2025,Sell to Open,MSFT,02/21/2025,Put,395.0,Put Sell,Closed,5.0,0.95,473.68,1.32,472.36
02/14/2025,02/14/2025,Sell to Open,IYF,03/21/2025,Put,116.0,Put Sell,Closed,1.0,1.07,106.74,0.26,106.48
02/14/2025,02/14/2025,Sell to Open,IBIT,02/21/2025,Put,54.0,Put Sell,Closed,1.0,0.69,68.74,0.26,68.48
02/14/2025,02/14/2025,Sell to Open,INTC,02/21/2025,Put,21.5,Put Sell,Closed,25.0,0.23,563.39,6.61,556.78
02/14/2025,02/14/2025,Sell to Open,CMI,03/21/2025,Put,320.0,Put Sell,Closed,2.0,0.82,163.47,0.53,162.94
02/13/2025,02/13/2025,Sell to Open,AVGO,02/21/2025,Put,217.5,Put Sell,Closed,1.0,1.0,99.74,0.26,99.48
02/13/2025,02/13/2025,Sell to Open,MSFT,02/21/2025,Put,390.0,Put Sell,Closed,2.0,0.6,119.47,0.53,118.94
02/13/2025,02/13/2025,Sell to Open,INTC,02/21/2025,Put,22.0,Put Sell,Closed,20.0,0.18,354.71,5.29,349.42
02/13/2025,02/13/2025,Buy to Close,AVGO,02/14/2025,Call,240.0,Call Buy,Closed,2.0,0.4,-80.52,0.52,-81.04
02/13/2025,02/13/2025,Sell to Open,AAPL,02/21/2025,Put,235.0,Put Sell,Closed,1.0,1.72,171.74,0.26,171.48
02/13/2025,02/13/2025,Qualified Dividend,AAPL,,,0.0,Dividend,Qualified Dividend,0.0,0.0,525.0,0.0,525.0
02/12/2025,02/12/2025,Buy to Open,TOL,03/21/2025,Put,120.0,Put Buy,Closed,1.0,5.7,-570.26,0.26,-570.52
02/12/2025,02/12/2025,Buy to Close,CVX,02/14/2025,Call,160.0,Call Buy,Closed,9.0,0.1,-92.35,2.35,-94.7
02/11/2025,02/11/2025,Buy to Open,AAPL,04/17/2025,Put,230.0,Put Buy,Open,1.0,6.3,-630.26,0.26,-630.52
02/11/2025,02/11/2025,Buy to Open,CF,02/21/2025,Put,79.0,Put Buy,Closed,1.0,0.61,-61.26,0.26,-61.52
02/11/2025,02/11/2025,Sell to Open,CF,02/21/2025,Put,84.0,Put Sell,Closed,1.0,1.78,177.74,0.26,177.48
02/11/2025,02/11/2025,Buy to Open,CF,02/21/2025,Call,99.0,Call Buy,Closed,1.0,0.17,-17.26,0.26,-17.52
02/11/2025,02/11/2025,Sell to Open,CF,02/21/2025,Call,94.0,Call Sell,Closed,1.0,0.53,52.74,0.26,52.48
02/11/2025,02/11/2025,Sell to Open,BLK,02/14/2025,Put,970.0,Put Sell,Closed,1.0,5.5,549.72,0.28,549.44
02/11/2025,02/11/2025,Sell to Open,AAPL,02/14/2025,Call,235.0,Call Sell,Closed,1.0,0.73,72.74,0.26,72.48
02/11/2025,02/11/2025,Sell to Open,WDAY,02/14/2025,Put,250.0,Put Sell,Closed,2.0,0.45,89.47,0.53,88.94
02/10/2025,02/10/2025,Buy to Close,AVGO,02/14/2025,Call,240.0,Call Buy,Closed,2.0,2.0,-400.52,0.52,-401.04
02/10/2025,02/10/2025,Sell to Open,MCD,02/14/2025,Put,295.0,Put Sell,Closed,1.0,0.32,31.74,0.26,31.48
02/10/2025,02/10/2025,Sell to Open,QCOM,02/14/2025,Put,162.5,Put Sell,Closed,5.0,0.36,178.68,1.32,177.36
02/10/2025,02/10/2025,Sell to Open,AVGO,02/14/2025,Call,240.0,Call Sell,Closed,4.0,2.27,906.92,1.08,905.84
02/10/2025,02/10/2025,Sell to Open,AVGO,02/14/2025,Put,220.0,Put Sell,Closed,1.0,0.9,89.74,0.26,89.48
02/10/2025,02/10/2025,Sell to Open,HD,02/14/2025,Put,400.0,Put Sell,Closed,1.0,1.05,104.74,0.26,104.48
02/10/2025,02/10/2025,Buy to Open,NKE,07/18/2025,Put,70.0,Put Buy,Open,10.0,5.63,-5632.61,2.61,-5635.22
02/10/2025,02/10/2025,Sell to Open,NKE,02/14/2025,Call,73.0,Call Sell,Closed,10.0,0.31,307.35,2.65,304.7
02/10/2025,02/10/2025,Sell to Open,GOOGL,02/14/2025,Put,185.0,Put Sell,Closed,4.0,1.12,446.94,1.06,445.88
02/10/2025,02/10/2025,Sell to Open,CAT,02/14/2025,Call,380.0,Call Sell,Closed,3.0,0.53,158.21,0.79,157.42
02/10/2025,02/10/2025,Sell to Open,GOOGL,02/14/2025,Call,192.5,Call Sell,Closed,1.0,0.46,45.74,0.26,45.48
02/10/2025,02/10/2025,Sell to Open,BLK,02/14/2025,Put,940.0,Put Sell,Closed,1.0,0.76,75.74,0.26,75.48
02/10/2025,02/10/2025,Sell to Open,QCOM,02/14/2025,Put,165.0,Put Sell,Closed,6.0,0.83,496.4,1.6,494.8
02/10/2025,02/10/2025,Sell,MCD,,,0.0,Stock Sell,Stock Trade,100.0,297.25,29724.16,0.85,29723.31
02/10/2025,02/10/2025,Sell,BLK,,,0.0,Stock Sell,Stock Trade,288.0,996.0,286840.08,8.02,286832.06
02/10/2025,02/10/2025,Sell,BLK,,,0.0,Stock Sell,Stock Trade,12.0,997.03,11964.06,0.33,11963.73
02/10/2025,02/07/2025,Buy,AAPL,,,0.0,Stock Buy,Stock Trade,100.0,235.0,-23500.0,0.0,-23500.0
02/10/2025,02/07/2025,Buy,TOL,,,0.0,Stock Buy,Stock Trade,100.0,127.0,-12700.0,0.0,-12700.0
02/10/2025,02/07/2025,Buy,CAT,,,0.0,Stock Buy,Stock Trade,100.0,365.0,-36500.0,0.0,-36500.0
02/10/2025,02/07/2025,Buy,CAT,,,0.0,Stock Buy,Stock Trade,100.0,375.0,-37500.0,0.0,-37500.0
02/10/2025,02/07/2025,Buy,NKE,,,0.0,Stock Buy,Stock Trade,500.0,71.0,-35500.0,0.0,-35500.0
02/10/2025,02/07/2025,Buy,NKE,,,0.0,Stock Buy,Stock Trade,500.0,73.0,-36500.0,0.0,-36500.0
02/10/2025,02/07/2025,Buy,BLK,,,0.0,Stock Buy,Stock Trade,300.0,995.0,-298500.0,0.0,-298500.0
02/10/2025,02/07/2025,Expired,NVDA,02/07/2025,Put,108.0,Put Expired,Closed,2.0,0.0,0.0,0.0,0.0
02/10/2025,02/07/2025,Expired,QCOM,02/07/2025,Put,152.5,Put Expired,Closed,5.0,0.0,0.0,0.0,0.0
02/10/2025,02/07/2025,Expired,QCOM,02/07/2025,Call,172.5,Call Expired,Closed,2.0,0.0,0.0,0.0,0.0
02/10/2025,02/07/2025,Expired,QCOM,02/07/2025,Put,162.5,Put Expired,Closed,6.0,0.0,0.0,0.0,0.0
02/10/2025,02/07/2025,Expired,ORCL,02/07/2025,Put,162.5,Put Expired,Closed,3.0,0.0,0.0,0.0,0.0
02/10/2025,02/07/2025,Expired,GOOGL,02/07/2025,Call,192.5,Call Expired,Closed,1.0,0.0,0.0,0.0,0.0
02/10/2025,02/07/2025,Expired,AMD,02/07/2025,Call,131.0,Call Expired,Closed,5.0,0.0,0.0,0.0,0.0
02/10/2025,02/07/2025,Expired,NVDA,02/07/2025,Put,100.0,Put Expired,Closed,2.0,0.0,0.0,0.0,0.0
02/10/2025,02/07/2025,Expired,XOM,02/07/2025,Put,105.0,Put Expired,Closed,1.0,0.0,0.0,0.0,0.0
02/10/2025,02/07/2025,Expired,WDAY,02/07/2025,Put,255.0,Put Expired,Closed,4.0,0.0,0.0,0.0,0.0
02/10/2025,02/07/2025,Expired,ORCL,02/07/2025,Put,150.0,Put Expired,Closed,1.0,0.0,0.0,0.0,0.0
02/10/2025,02/07/2025,Expired,ORCL,02/07/2025,Put,170.0,Put Expired,Closed,3.0,0.0,0.0,0.0,0.0
02/10/2025,02/07/2025,Expired,ORCL,02/07/2025,Put,160.0,Put Expired,Closed,3.0,0.0,0.0,0.0,0.0
02/10/2025,02/07/2025,Expired,MSFT,02/07/2025,Put,380.0,Put Expired,Closed,3.0,0.0,0.0,0.0,0.0
02/10/2025,02/07/2025,Expired,MSFT,02/07/2025,Put,390.0,Put Expired,Closed,5.0,0.0,0.0,0.0,0.0
02/10/2025,02/07/2025,Expired,MCD,02/07/2025,Put,275.0,Put Expired,Closed,1.0,0.0,0.0,0.0,0.0
02/10/2025,02/07/2025,Expired,HD,02/07/2025,Put,395.0,Put Expired,Closed,2.0,0.0,0.0,0.0,0.0
02/10/2025,02/07/2025,Expired,HD,02/07/2025,Put,400.0,Put Expired,Closed,1.0,0.0,0.0,0.0,0.0
02/10/2025,02/07/2025,Expired,HD,02/07/2025,Put,385.0,Put Expired,Closed,2.0,0.0,0.0,0.0,0.0
02/10/2025,02/07/2025,Expired,GOOGL,02/07/2025,Put,185.0,Put Expired,Closed,4.0,0.0,0.0,0.0,0.0
02/10/2025,02/07/2025,Expired,CVX,02/07/2025,Put,147.0,Put Expired,Closed,1.0,0.0,0.0,0.0,0.0
02/10/2025,02/07/2025,Expired,AMD,02/07/2025,Call,130.0,Call Expired,Closed,5.0,0.0,0.0,0.0,0.0
02/10/2025,02/07/2025,Assigned,AAPL,02/07/2025,Put,235.0,Put Assigned,Closed,1.0,0.0,0.0,0.0,0.0
02/10/2025,02/07/2025,Assigned,TOL,02/07/2025,Put,127.0,Put Assigned,Closed,1.0,0.0,0.0,0.0,0.0
02/10/2025,02/07/2025,Assigned,CAT,02/07/2025,Put,365.0,Put Assigned,Closed,1.0,0.0,0.0,0.0,0.0
02/10/2025,02/07/2025,Assigned,CAT,02/07/2025,Put,375.0,Put Assigned,Closed,1.0,0.0,0.0,0.0,0.0
02/10/2025,02/07/2025,Assigned,NKE,02/07/2025,Put,71.0,Put Assigned,Closed,5.0,0.0,0.0,0.0,0.0
02/10/2025,02/07/2025,Assigned,NKE,02/07/2025,Put,73.0,Put Assigned,Closed,5.0,0.0,0.0,0.0,0.0
02/10/2025,02/07/2025,Assigned,BLK,02/07/2025,Put,995.0,Put Assigned,Closed,3.0,0.0,0.0,0.0,0.0
02/07/2025,02/07/2025,Sell to Open,QCOM,02/14/2025,Call,175.0,Call Sell,Closed,2.0,0.66,131.47,0.53,130.94
02/07/2025,02/07/2025,Sell to Open,MSFT,02/14/2025,Put,405.0,Put Sell,Closed,1.0,2.84,283.73,0.27,283.46
02/07/2025,02/07/2025,Buy to Close,MSFT,02/07/2025,Put,410.0,Put Buy,Closed,1.0,0.1,-10.26,0.26,-10.52
02/07/2025,02/07/2025,Sell to Open,HD,02/14/2025,Put,390.0,Put Sell,Closed,1.0,1.02,101.74,0.26,101.48
02/07/2025,02/07/2025,Buy to Close,AVGO,02/07/2025,Put,180.0,Put Buy,Closed,1.0,0.01,-1.01,0.01,-1.02
02/07/2025,02/07/2025,Buy to Close,AVGO,02/07/2025,Put,200.0,Put Buy,Closed,1.0,0.01,-1.01,0.01,-1.02
02/07/2025,02/07/2025,Sell to Open,WDAY,02/14/2025,Put,260.0,Put Sell,Closed,2.0,1.0,199.46,0.54,198.92
02/07/2025,02/07/2025,Sell to Open,HD,02/14/2025,Put,395.0,Put Sell,Closed,1.0,1.47,146.74,0.26,146.48
02/07/2025,02/07/2025,Buy to Close,AVGO,02/07/2025,Put,215.0,Put Buy,Closed,1.0,0.03,-3.01,0.01,-3.02
02/07/2025,02/07/2025,Sell to Open,AVGO,02/14/2025,Put,210.0,Put Sell,Closed,1.0,0.95,94.74,0.26,94.48
02/07/2025,02/07/2025,Sell to Open,GOOGL,02/14/2025,Put,180.0,Put Sell,Closed,5.0,0.75,373.68,1.32,372.36
02/07/2025,02/07/2025,Buy to Close,CAT,02/07/2025,Put,355.0,Put Buy,Closed,2.0,0.05,-10.02,0.02,-10.04
02/07/2025,02/07/2025,Sell to Open,CAT,02/14/2025,Put,355.0,Put Sell,Closed,1.0,1.45,144.74,0.26,144.48
02/06/2025,02/06/2025,Sell to Open,BLK,02/14/2025,Put,960.0,Put Sell,Closed,2.0,1.12,223.46,0.54,222.92
02/06/2025,02/06/2025,Sell to Open,QCOM,02/07/2025,Call,172.5,Call Sell,Closed,2.0,0.37,73.47,0.53,72.94
02/06/2025,02/06/2025,Sell to Open,TOL,02/14/2025,Put,128.0,Put Sell,Closed,1.0,0.65,64.74,0.26,64.48
02/06/2025,02/06/2025,Sell to Open,ORCL,02/14/2025,Put,165.0,Put Sell,Closed,3.0,0.62,185.2,0.8,184.4
02/06/2025,02/06/2025,Sell to Open,AAPL,02/14/2025,Call,252.5,Call Sell,Closed,10.0,0.1,97.36,2.64,94.72
02/06/2025,02/06/2025,Sell to Open,QCOM,02/07/2025,Put,162.5,Put Sell,Closed,6.0,0.66,394.4,1.6,392.8
02/06/2025,02/06/2025,Sell to Close,HON,02/07/2025,Put,225.0,Put Sell,Closed,1.0,12.15,1214.71,0.29,1214.42
02/06/2025,02/06/2025,Sell,HON,,,0.0,Stock Sell,Stock Trade,100.0,235.66,23565.32,0.68,23564.64
02/06/2025,02/06/2025,Cash Dividend,AGG,,,0.0,Dividend,Cash Dividend,0.0,0.0,64.46,0.0,64.46
02/05/2025,02/05/2025,Buy to Open,TOL,03/21/2025,Put,130.0,Put Buy,Closed,5.0,4.74,-2369.3,1.3,-2370.6
02/05/2025,02/05/2025,Sell to Close,TOL,03/21/2025,Put,115.0,Put Sell,Closed,5.0,1.25,623.67,1.33,622.34
02/05/2025,02/05/2025,Sell to Open,NKE,02/07/2025,Put,73.0,Put Sell,Closed,5.0,0.34,168.69,1.31,167.38
02/05/2025,02/05/2025,Buy to Close,INTC,02/07/2025,Call,22.5,Call Buy,Closed,20.0,0.03,-60.22,0.22,-60.44
02/05/2025,02/05/2025,Sell to Open,INTC,02/14/2025,Call,22.0,Call Sell,Closed,45.0,0.11,483.12,11.88,471.24
02/05/2025,02/05/2025,Sell to Open,CVX,02/14/2025,Call,160.0,Call Sell,Closed,9.0,0.17,150.62,2.38,148.24
02/05/2025,02/05/2025,Buy to Open,CVX,03/21/2025,Put,150.0,Put Buy,Closed,1.0,3.0,-300.26,0.26,-300.52
02/05/2025,02/05/2025,Sell to Open,GOOGL,02/07/2025,Call,192.5,Call Sell,Closed,1.0,2.1,209.73,0.27,209.46
02/05/2025,02/05/2025,Buy to Close,AMD,02/07/2025,Call,115.0,Call Buy,Closed,10.0,0.25,-252.61,2.61,-255.22
02/05/2025,02/05/2025,Sell to Open,AMD,02/07/2025,Call,115.0,Call Sell,Closed,10.0,0.42,417.35,2.65,414.7
02/05/2025,02/05/2025,Sell to Open,GOOGL,02/07/2025,Put,185.0,Put Sell,Closed,4.0,1.05,418.94,1.06,417.88
02/04/2025,02/04/2025,Buy,GOOGL,,,0.0,Stock Buy,Stock Trade,100.0,190.0,-19000.0,0.0,-19000.0
02/04/2025,02/04/2025,Buy,HON,,,0.0,Stock Buy,Stock Trade,100.0,223.75,-22375.0,0.0,-22375.0
02/04/2025,02/04/2025,Buy to Open,HON,02/07/2025,Put,225.0,Put Buy,Closed,1.0,5.74,-574.26,0.26,-574.52
02/04/2025,02/04/2025,Sell to Open,XOM,02/14/2025,Call,113.0,Call Sell,Closed,3.0,0.4,119.21,0.79,118.42
02/04/2025,02/04/2025,Sell to Open,WDAY,02/14/2025,Put,240.0,Put Sell,Closed,2.0,0.92,183.46,0.54,182.92
02/04/2025,02/04/2025,Sell to Open,MSFT,03/07/2025,Call,415.0,Call Sell,Closed,2.0,9.8,1959.42,0.58,1958.84
02/04/2025,02/04/2025,Buy to Open,MSFT,03/07/2025,Call,410.0,Call Buy,Closed,2.0,12.5,-2500.52,0.52,-2501.04
02/04/2025,02/04/2025,Sell to Open,MSFT,02/07/2025,Put,410.0,Put Sell,Closed,1.0,2.78,277.73,0.27,277.46
02/04/2025,02/04/2025,Sell to Open,XLK,02/14/2025,Put,215.0,Put Sell,Closed,2.0,0.64,127.47,0.53,126.94
02/03/2025,02/03/2025,Sell to Open,ORCL,02/07/2025,Put,162.5,Put Sell,Closed,3.0,1.25,374.2,0.8,373.4
02/03/2025,02/03/2025,Sell to Open,XOM,02/07/2025,Put,105.0,Put Sell,Closed,1.0,0.5,49.74,0.26,49.48
02/03/2025,02/03/2025,Buy,QCOM,,,0.0,Stock Buy,Stock Trade,200.0,171.0,-34200.0,0.0,-34200.0
02/03/2025,02/03/2025,Sell to Open,QCOM,02/07/2025,Put,152.5,Put Sell,Closed,5.0,0.72,358.68,1.32,357.36
02/03/2025,02/03/2025,Sell to Open,ORCL,02/07/2025,Put,160.0,Put Sell,Closed,3.0,0.82,245.2,0.8,244.4
02/03/2025,02/03/2025,Sell to Open,NVDA,02/07/2025,Put,100.0,Put Sell,Closed,2.0,0.28,55.47,0.53,54.94
02/03/2025,02/03/2025,Sell to Open,NVDA,02/07/2025,Put,108.0,Put Sell,Closed,2.0,1.17,233.46,0.54,232.92
02/03/2025,02/03/2025,Sell to Open,NKE,02/07/2025,Put,71.0,Put Sell,Closed,5.0,0.33,163.69,1.31,162.38
02/03/2025,02/03/2025,Sell,NKE,,,0.0,Stock Sell,Stock Trade,500.0,74.15,37073.89,1.11,37072.78
02/03/2025,02/03/2025,Sell to Close,NKE,06/20/2025,Put,72.5,Put Sell,Open,5.0,4.45,2223.63,1.37,2222.26
02/03/2025,02/03/2025,Buy to Close,NKE,02/07/2025,Call,78.0,Call Buy,Closed,5.0,0.28,-141.3,1.3,-142.6
02/03/2025,02/03/2025,Buy to Open,MCD,06/20/2025,Put,285.0,Put Buy,Open,1.0,12.7,-1270.26,0.26,-1270.52
02/03/2025,02/03/2025,Sell to Open,MCD,02/07/2025,Put,275.0,Put Sell,Closed,1.0,0.33,32.74,0.26,32.48
02/03/2025,02/03/2025,Sell to Open,HD,02/07/2025,Put,385.0,Put Sell,Closed,2.0,0.78,155.47,0.53,154.94
02/03/2025,02/03/2025,Sell to Open,GBTC,02/21/2025,Put,66.0,Put Sell,Closed,2.0,0.7,139.47,0.53,138.94
02/03/2025,02/03/2025,Buy to Close,CVX,03/21/2025,Call,160.0,Call Buy,Closed,8.0,0.77,-618.09,2.09,-620.18
02/03/2025,02/03/2025,Sell to Open,BLK,02/07/2025,Put,995.0,Put Sell,Closed,3.0,1.5,449.2,0.8,448.4
02/03/2025,02/03/2025,Sell to Open,AVGO,02/07/2025,Put,200.0,Put Sell,Closed,1.0,1.27,126.74,0.26,126.48
02/03/2025,02/03/2025,Sell,GS,,,0.0,Stock Sell,Stock Trade,10.0,629.25,6292.35,0.17,6292.18
02/03/2025,02/03/2025,Buy,GS,,,0.0,Stock Buy,Stock Trade,10.0,622.0,-6220.0,0.0,-6220.0
02/03/2025,02/03/2025,Buy,NVDA,,,0.0,Stock Buy,Stock Trade,100.0,113.0,-11300.0,0.0,-11300.0
02/03/2025,02/03/2025,Sell,ORCL,,,0.0,Stock Sell,Stock Trade,149.0,162.4,24196.91,0.69,24196.22
02/03/2025,02/03/2025,Sell,ORCL,,,0.0,Stock Sell,Stock Trade,151.0,163.52,24690.32,0.72,24689.6
02/03/2025,01/31/2025,Sell,AVGO,,,0.0,Stock Sell,Stock Trade,100.0,215.0,21499.38,0.62,21498.76
02/03/2025,01/31/2025,Buy,CVX,,,0.0,Stock Buy,Stock Trade,100.0,152.5,-15250.0,0.0,-15250.0
02/03/2025,01/31/2025,Buy,MCD,,,0.0,Stock Buy,Stock Trade,100.0,290.0,-29000.0,0.0,-29000.0
02/03/2025,01/31/2025,Buy,NVDA,,,0.0,Stock Buy,Stock Trade,100.0,124.0,-12400.0,0.0,-12400.0
02/03/2025,01/31/2025,Expired,QCOM,01/31/2025,Put,162.5,Put Expired,Closed,10.0,0.0,0.0,0.0,0.0
02/03/2025,01/31/2025,Expired,TOL,01/31/2025,Put,129.0,Put Expired,Closed,3.0,0.0,0.0,0.0,0.0
02/03/2025,01/31/2025,Expired,WDAY,01/31/2025,Put,255.0,Put Expired,Closed,4.0,0.0,0.0,0.0,0.0
02/03/2025,01/31/2025,Expired,QCOM,01/31/2025,Put,165.0,Put Expired,Closed,3.0,0.0,0.0,0.0,0.0
02/03/2025,01/31/2025,Expired,ORCL,01/31/2025,Call,170.0,Call Expired,Closed,3.0,0.0,0.0,0.0,0.0
02/03/2025,01/31/2025,Expired,MSFT,01/31/2025,Put,410.0,Put Expired,Closed,2.0,0.0,0.0,0.0,0.0
02/03/2025,01/31/2025,Expired,MCD,01/31/2025,Put,280.0,Put Expired,Closed,5.0,0.0,0.0,0.0,0.0
02/03/2025,01/31/2025,Expired,GOOGL,01/31/2025,Put,195.0,Put Expired,Closed,10.0,0.0,0.0,0.0,0.0
02/03/2025,01/31/2025,Expired,EXPE,01/31/2025,Put,170.0,Put Expired,Closed,2.0,0.0,0.0,0.0,0.0
02/03/2025,01/31/2025,Expired,CAT,01/31/2025,Put,360.0,Put Expired,Closed,3.0,0.0,0.0,0.0,0.0
02/03/2025,01/31/2025,Expired,BLK,01/31/2025,Put,940.0,Put Expired,Closed,1.0,0.0,0.0,0.0,0.0
02/03/2025,01/31/2025,Expired,AVGO,01/31/2025,Put,180.0,Put Expired,Closed,5.0,0.0,0.0,0.0,0.0
02/03/2025,01/31/2025,Expired,ADSK,01/31/2025,Put,290.0,Put Expired,Closed,5.0,0.0,0.0,0.0,0.0
02/03/2025,01/31/2025,Assigned,AVGO,01/31/2025,Call,215.0,Call Assigned,Closed,1.0,0.0,0.0,0.0,0.0
02/03/2025,01/31/2025,Assigned,CVX,01/31/2025,Put,152.5,Put Assigned,Closed,1.0,0.0,0.0,0.0,0.0
02/03/2025,01/31/2025,Assigned,MCD,01/31/2025,Put,290.0,Put Assigned,Closed,1.0,0.0,0.0,0.0,0.0
02/03/2025,01/31/2025,Assigned,NVDA,01/31/2025,Put,124.0,Put Assigned,Closed,1.0,0.0,0.0,0.0,0.0
01/31/2025,01/31/2025,Buy to Open,NVDA,06/20/2025,Put,120.0,Put Buy,Open,2.0,15.94,-3188.52,0.52,-3189.04
01/31/2025,01/31/2025,Sell to Open,AVGO,02/07/2025,Put,215.0,Put Sell,Closed,1.0,3.2,319.73,0.27,319.46
01/31/2025,01/31/2025,Buy to Close,AVGO,02/07/2025,Put,217.5,Put Buy,Closed,1.0,3.45,-345.26,0.26,-345.52
01/31/2025,01/31/2025,Sell to Open,WDAY,02/07/2025,Put,255.0,Put Sell,Closed,4.0,1.5,598.93,1.07,597.86
01/31/2025,01/31/2025,Sell to Open,ORCL,02/07/2025,Put,170.0,Put Sell,Closed,3.0,2.1,629.19,0.81,628.38
01/31/2025,01/31/2025,Buy to Close,CAT,01/31/2025,Put,370.0,Put Buy,Closed,1.0,0.15,-15.26,0.26,-15.52
01/31/2025,01/31/2025,Sell to Open,AVGO,02/07/2025,Put,217.5,Put Sell,Closed,1.0,3.5,349.73,0.27,349.46
01/31/2025,01/31/2025,Buy to Close,AVGO,01/31/2025,Call,225.0,Call Buy,Closed,4.0,1.2,-481.04,1.04,-482.08
01/31/2025,01/31/2025,Buy to Open,NVDA,06/20/2025,Put,120.0,Put Buy,Open,3.0,13.4,-4020.78,0.78,-4021.56
01/31/2025,01/31/2025,Buy,NVDA,,,0.0,Stock Buy,Stock Trade,300.0,126.0,-37800.0,0.0,-37800.0
01/31/2025,01/31/2025,Buy to Close,NVDA,01/31/2025,Put,118.0,Put Buy,Closed,3.0,0.07,-21.78,0.78,-22.56
01/31/2025,01/31/2025,Buy to Close,NVDA,01/31/2025,Put,116.0,Put Buy,Closed,2.0,0.04,-8.02,0.02,-8.04
01/31/2025,01/31/2025,Sell to Open,NVDA,01/31/2025,Put,124.0,Put Sell,Closed,1.0,0.61,60.74,0.26,60.48
01/31/2025,01/31/2025,Sell to Open,AAPL,02/07/2025,Put,235.0,Put Sell,Closed,1.0,0.99,98.74,0.26,98.48
01/31/2025,01/31/2025,Sell to Open,INTC,02/07/2025,Call,22.5,Call Sell,Closed,20.0,0.09,174.71,5.29,169.42
01/31/2025,01/31/2025,Sell to Open,CAT,02/07/2025,Put,365.0,Put Sell,Closed,1.0,2.2,219.73,0.27,219.46
01/31/2025,01/31/2025,Sell to Open,CAT,02/07/2025,Put,375.0,Put Sell,Closed,1.0,4.35,434.73,0.27,434.46
01/31/2025,01/31/2025,Buy,NVDA,,,0.0,Stock Buy,Stock Trade,200.0,122.82,-24563.98,0.0,-24563.98
01/31/2025,01/31/2025,Sell,NVDA,,,0.0,Stock Sell,Stock Trade,200.0,122.87,24573.33,0.71,24572.62
01/30/2025,01/30/2025,Credit Interest,,,,0.0,Interest,Credit Interest,0.0,0.0,11.6,0.0,11.6
01/30/2025,01/30/2025,Margin Interest,,,,0.0,Interest,Margin Interest,0.0,0.0,-156.74,0.0,-156.74
01/30/2025,01/30/2025,Buy to Close,NVDA,01/31/2025,Put,119.0,Put Buy,Closed,5.0,0.9,-451.3,1.3,-452.6
01/30/2025,01/30/2025,Sell to Open,NVDA,01/31/2025,Put,119.0,Put Sell,Closed,5.0,1.78,888.67,1.33,887.34
01/30/2025,01/30/2025,Sell to Open,NVDA,01/31/2025,Put,116.0,Put Sell,Closed,2.0,0.77,153.47,0.53,152.94
01/30/2025,01/30/2025,Sell to Open,NVDA,01/31/2025,Put,118.0,Put Sell,Closed,3.0,1.35,404.2,0.8,403.4
01/30/2025,01/30/2025,Sell to Open,HD,02/07/2025,Put,395.0,Put Sell,Closed,2.0,0.57,113.47,0.53,112.94
01/30/2025,01/30/2025,Sell to Open,CAT,02/07/2025,Put,355.0,Put Sell,Closed,2.0,0.85,169.47,0.53,168.94
01/30/2025,01/30/2025,Sell to Open,AMD,02/07/2025,Call,130.0,Call Sell,Closed,5.0,1.72,858.67,1.33,857.34
01/30/2025,01/30/2025,Sell to Open,AMD,02/07/2025,Call,131.0,Call Sell,Closed,5.0,1.58,788.67,1.33,787.34
01/30/2025,01/30/2025,Sell to Open,CAT,01/31/2025,Put,370.0,Put Sell,Closed,1.0,1.51,150.74,0.26,150.48
01/30/2025,01/30/2025,Sell to Open,MSFT,02/07/2025,Put,380.0,Put Sell,Closed,3.0,0.21,62.21,0.79,61.42
01/30/2025,01/30/2025,Sell to Open,MSFT,02/07/2025,Put,390.0,Put Sell,Closed,5.0,0.47,233.68,1.32,232.36
01/30/2025,01/30/2025,Sell to Open,MSFT,01/31/2025,Put,410.0,Put Sell,Closed,2.0,1.39,277.46,0.54,276.92
01/30/2025,01/30/2025,Sell to Close,MSFT,05/16/2025,Put,430.0,Put Sell,Open,4.0,25.8,10318.66,1.34,10317.32
01/30/2025,01/30/2025,Sell,MSFT,,,0.0,Stock Sell,Stock Trade,100.0,416.21,41619.82,1.18,41618.64
01/30/2025,01/30/2025,Sell to Close,MSFT,01/31/2025,Put,445.0,Put Sell,Closed,1.0,28.79,2878.66,0.34,2878.32
01/29/2025,01/29/2025,Sell to Open,ORCL,02/07/2025,Put,150.0,Put Sell,Closed,1.0,0.78,77.74,0.26,77.48
01/29/2025,01/29/2025,Sell to Open,TOL,02/07/2025,Put,127.0,Put Sell,Closed,1.0,0.5,49.74,0.26,49.48
01/29/2025,01/29/2025,Sell to Open,CVX,02/07/2025,Put,147.0,Put Sell,Closed,1.0,0.4,39.74,0.26,39.48
01/29/2025,01/29/2025,Sell to Close,ADP,01/31/2025,Put,300.0,Put Sell,Closed,1.0,1.1,109.74,0.26,109.48
01/29/2025,01/29/2025,Sell,ADP,,,0.0,Stock Sell,Stock Trade,100.0,305.0,30499.13,0.87,30498.26
01/29/2025,01/29/2025,Qualified Dividend,CMCSA,,,0.0,Dividend,Qualified Dividend,0.0,0.0,372.0,0.0,372.0
01/28/2025,01/28/2025,Buy to Open,MSFT,01/31/2025,Put,445.0,Put Buy,Closed,1.0,9.76,-976.26,0.26,-976.52
01/28/2025,01/28/2025,Buy,MSFT,,,0.0,Stock Buy,Stock Trade,100.0,444.0,-44400.0,0.0,-44400.0
01/28/2025,01/28/2025,Sell,MSFT,,,0.0,Stock Sell,Stock Trade,400.0,444.5,177794.99,5.01,177789.98
01/28/2025,01/28/2025,Sell to Open,HD,02/07/2025,Put,400.0,Put Sell,Closed,1.0,1.02,101.74,0.26,101.48
01/28/2025,01/28/2025,Sell,AMZN,,,0.0,Stock Sell,Stock Trade,200.0,240.17,48032.63,1.37,48031.26
01/28/2025,01/28/2025,Sell to Close,AMZN,02/07/2025,Put,235.0,Put Sell,Closed,2.0,6.03,1205.44,0.56,1204.88
01/28/2025,01/28/2025,Buy to Open,CAT,05/16/2025,Put,350.0,Put Buy,Open,1.0,9.0,-900.26,0.26,-900.52
01/28/2025,01/28/2025,Buy,CAT,,,0.0,Stock Buy,Stock Trade,100.0,387.6,-38760.0,0.0,-38760.0
01/28/2025,01/28/2025,Sell to Open,AVGO,02/07/2025,Put,180.0,Put Sell,Closed,1.0,1.51,150.74,0.26,150.48
01/28/2025,01/28/2025,Sell to Open,NKE,02/07/2025,Call,78.0,Call Sell,Closed,5.0,0.46,228.68,1.32,227.36
01/28/2025,01/28/2025,Sell to Open,MCD,01/31/2025,Put,290.0,Put Sell,Closed,1.0,0.98,97.74,0.26,97.48
01/27/2025,01/27/2025,Buy to Open,AVGO,06/20/2025,Put,200.0,Put Buy,Open,5.0,23.0,-11501.3,1.3,-11502.6
01/27/2025,01/27/2025,Sell to Open,ORCL,01/31/2025,Call,170.0,Call Sell,Closed,3.0,1.61,482.2,0.8,481.4
01/27/2025,01/27/2025,Buy to Open,ORCL,06/20/2025,Put,150.0,Put Buy,Open,3.0,9.0,-2700.78,0.78,-2701.56
01/27/2025,01/27/2025,Buy,ORCL,,,0.0,Stock Buy,Stock Trade,300.0,162.39,-48717.0,0.0,-48717.0
01/27/2025,01/27/2025,Sell to Open,AVGO,01/31/2025,Call,215.0,Call Sell,Closed,1.0,2.95,294.73,0.27,294.46
01/27/2025,01/27/2025,Buy,AVGO,,,0.0,Stock Buy,Stock Trade,100.0,205.0,-20500.0,0.0,-20500.0
01/27/2025,01/27/2025,Sell,CEG,,,0.0,Stock Sell,Stock Trade,100.0,280.1,28009.2,0.8,28008.4
01/27/2025,01/27/2025,Sell to Open,CVX,01/31/2025,Put,152.5,Put Sell,Closed,1.0,0.83,82.74,0.26,82.48
01/27/2025,01/27/2025,Sell to Close,MSFT,05/16/2025,Put,430.0,Put Sell,Open,6.0,19.7,11818.08,1.92,11816.16
01/27/2025,01/27/2025,Buy to Open,NKE,06/20/2025,Put,72.5,Put Buy,Open,5.0,4.0,-2001.3,1.3,-2002.6
01/27/2025,01/27/2025,Buy,CEG,,,0.0,Stock Buy,Stock Trade,100.0,280.0,-28000.0,0.0,-28000.0
01/27/2025,01/27/2025,Sell to Open,QCOM,01/31/2025,Put,165.0,Put Sell,Closed,3.0,1.3,389.2,0.8,388.4
01/27/2025,01/27/2025,Sell to Open,AVGO,01/31/2025,Call,225.0,Call Sell,Closed,4.0,2.95,1178.92,1.08,1177.84
01/27/2025,01/27/2025,Sell to Open,CAT,01/31/2025,Put,360.0,Put Sell,Closed,3.0,0.97,290.2,0.8,289.4
01/27/2025,01/27/2025,Buy to Close,MSFT,01/31/2025,Call,435.0,Call Buy,Closed,4.0,6.5,-2601.04,1.04,-2602.08
01/27/2025,01/27/2025,Sell to Open,WDAY,01/31/2025,Put,255.0,Put Sell,Closed,4.0,1.55,618.93,1.07,617.86
01/27/2025,01/27/2025,Sell to Open,QCOM,01/31/2025,Put,162.5,Put Sell,Closed,10.0,1.19,1187.33,2.67,1184.66
01/27/2025,01/27/2025,Sell to Open,MSFT,01/31/2025,Call,435.0,Call Sell,Closed,4.0,6.75,2698.87,1.13,2697.74
01/27/2025,01/27/2025,Sell,WDAY,,,0.0,Stock Sell,Stock Trade,100.0,258.0,25799.26,0.74,25798.52
01/27/2025,01/27/2025,Sell,CEG,,,0.0,Stock Sell,Stock Trade,200.0,302.0,60398.29,1.71,60396.58
01/27/2025,01/27/2025,Buy,CEG,,,0.0,Stock Buy,Stock Trade,100.0,290.0,-29000.0,0.0,-29000.0
01/27/2025,01/27/2025,Buy,CEG,,,0.0,Stock Buy,Stock Trade,100.0,300.0,-30000.0,0.0,-30000.0
01/27/2025,01/27/2025,Sell,ORCL,,,0.0,Stock Sell,Stock Trade,100.0,174.1,17409.5,0.5,17409.0
01/27/2025,01/27/2025,Buy,AVGO,,,0.0,Stock Buy,Stock Trade,100.0,213.0,-21300.0,0.0,-21300.0
01/27/2025,01/27/2025,Sell,QCOM,,,0.0,Stock Sell,Stock Trade,200.0,170.0,33999.02,0.98,33998.04
01/27/2025,01/27/2025,Buy,AVGO,,,0.0,Stock Buy,Stock Trade,100.0,215.0,-21500.0,0.0,-21500.0
01/27/2025,01/27/2025,Buy,ORCL,,,0.0,Stock Buy,Stock Trade,100.0,174.0,-17400.0,0.0,-17400.0
01/27/2025,01/27/2025,Sell,META,,,0.0,Stock Sell,Stock Trade,100.0,625.0,62498.24,1.76,62496.48
01/27/2025,01/27/2025,Buy,AVGO,,,0.0,Stock Buy,Stock Trade,100.0,225.0,-22500.0,0.0,-22500.0
01/27/2025,01/27/2025,Buy,META,,,0.0,Stock Buy,Stock Trade,100.0,620.0,-62000.0,0.0,-62000.0
01/27/2025,01/27/2025,Buy,QCOM,,,0.0,Stock Buy,Stock Trade,100.0,165.0,-16500.0,0.0,-16500.0
01/27/2025,01/27/2025,Buy,WDAY,,,0.0,Stock Buy,Stock Trade,100.0,253.5,-25350.0,0.0,-25350.0
01/27/2025,01/27/2025,Buy,MSFT,,,0.0,Stock Buy,Stock Trade,100.0,430.0,-43000.0,0.0,-43000.0
01/27/2025,01/27/2025,Buy,AVGO,,,0.0,Stock Buy,Stock Trade,100.0,232.0,-23200.0,0.0,-23200.0
01/27/2025,01/27/2025,Buy,QCOM,,,0.0,Stock Buy,Stock Trade,100.0,166.8,-16680.0,0.0,-16680.0
01/27/2025,01/27/2025,Buy,MSFT,,,0.0,Stock Buy,Stock Trade,100.0,432.0,-43200.0,0.0,-43200.0
01/27/2025,01/27/2025,Buy,MSFT,,,0.0,Stock Buy,Stock Trade,100.0,434.0,-43400.0,0.0,-43400.0
01/27/2025,01/27/2025,Buy,MSFT,,,0.0,Stock Buy,Stock Trade,100.0,435.5,-43550.0,0.0,-43550.0
01/27/2025,01/24/2025,Sell,MSFT,,,0.0,Stock Sell,Stock Trade,1000.0,437.5,437487.67,12.33,437475.34
01/27/2025,01/24/2025,Sell,WDAY,,,0.0,Stock Sell,Stock Trade,400.0,257.5,102997.07,2.93,102994.14
01/27/2025,01/24/2025,Buy,CVX,,,0.0,Stock Buy,Stock Trade,300.0,157.5,-47250.0,0.0,-47250.0
01/27/2025,01/24/2025,Buy,NKE,,,0.0,Stock Buy,Stock Trade,500.0,74.0,-37000.0,0.0,-37000.0
01/27/2025,01/24/2025,Expired,QCOM,01/24/2025,Put,162.5,Put Expired,Closed,10.0,0.0,0.0,0.0,0.0
01/27/2025,01/24/2025,Expired,MCD,01/24/2025,Put,282.5,Put Expired,Closed,5.0,0.0,0.0,0.0,0.0
01/27/2025,01/24/2025,Expired,MCD,01/24/2025,Put,277.5,Put Expired,Closed,5.0,0.0,0.0,0.0,0.0
01/27/2025,01/24/2025,Expired,GOOGL,01/24/2025,Put,187.5,Put Expired,Closed,10.0,0.0,0.0,0.0,0.0
01/27/2025,01/24/2025,Expired,CRM,01/24/2025,Put,327.5,Put Expired,Closed,1.0,0.0,0.0,0.0,0.0
01/27/2025,01/24/2025,Expired,ADBE,01/24/2025,Put,427.5,Put Expired,Closed,1.0,0.0,0.0,0.0,0.0
01/27/2025,01/24/2025,Expired,ADSK,01/24/2025,Put,282.5,Put Expired,Closed,1.0,0.0,0.0,0.0,0.0
01/27/2025,01/24/2025,Expired,ADBE,01/24/2025,Put,405.0,Put Expired,Closed,5.0,0.0,0.0,0.0,0.0
01/27/2025,01/24/2025,Expired,ADBE,01/24/2025,Put,380.0,Put Expired,Closed,3.0,0.0,0.0,0.0,0.0
01/27/2025,01/24/2025,Expired,QCOM,01/24/2025,Put,165.0,Put Expired,Closed,3.0,0.0,0.0,0.0,0.0
01/27/2025,01/24/2025,Expired,NKE,01/24/2025,Put,70.0,Put Expired,Closed,10.0,0.0,0.0,0.0,0.0
01/27/2025,01/24/2025,Expired,HD,01/24/2025,Put,410.0,Put Expired,Closed,3.0,0.0,0.0,0.0,0.0
01/27/2025,01/24/2025,Expired,HD,01/24/2025,Put,360.0,Put Expired,Closed,3.0,0.0,0.0,0.0,0.0
01/27/2025,01/24/2025,Expired,HD,01/24/2025,Put,405.0,Put Expired,Closed,2.0,0.0,0.0,0.0,0.0
01/27/2025,01/24/2025,Expired,CVX,01/24/2025,Put,155.0,Put Expired,Closed,5.0,0.0,0.0,0.0,0.0
01/27/2025,01/24/2025,Expired,CRM,01/24/2025,Put,320.0,Put Expired,Closed,1.0,0.0,0.0,0.0,0.0
01/27/2025,01/24/2025,Expired,CAT,01/24/2025,Put,365.0,Put Expired,Closed,3.0,0.0,0.0,0.0,0.0
01/27/2025,01/24/2025,Expired,CEG,01/24/2025,Put,300.0,Put Expired,Closed,5.0,0.0,0.0,0.0,0.0
01/27/2025,01/24/2025,Expired,AVGO,01/24/2025,Put,225.0,Put Expired,Closed,2.0,0.0,0.0,0.0,0.0
01/27/2025,01/24/2025,Expired,AXP,01/24/2025,Put,260.0,Put Expired,Closed,10.0,0.0,0.0,0.0,0.0
01/27/2025,01/24/2025,Expired,AMZN,01/24/2025,Put,200.0,Put Expired,Closed,10.0,0.0,0.0,0.0,0.0
01/27/2025,01/24/2025,Assigned,MSFT,01/24/2025,Call,437.5,Call Assigned,Closed,10.0,0.0,0.0,0.0,0.0
01/27/2025,01/24/2025,Assigned,WDAY,01/24/2025,Call,257.5,Call Assigned,Closed,4.0,0.0,0.0,0.0,0.0
01/27/2025,01/24/2025,Assigned,CVX,01/24/2025,Put,157.5,Put Assigned,Closed,3.0,0.0,0.0,0.0,0.0
01/27/2025,01/24/2025,Assigned,NKE,01/24/2025,Put,74.0,Put Assigned,Closed,5.0,0.0,0.0,0.0,0.0
01/24/2025,01/24/2025,Buy to Open,CVX,03/21/2025,Put,150.0,Put Buy,Closed,5.0,2.65,-1326.3,1.3,-1327.6
01/24/2025,01/24/2025,Sell to Close,CVX,03/21/2025,Put,135.0,Put Sell,Closed,5.0,0.4,198.68,1.32,197.36
01/24/2025,01/24/2025,Buy to Open,CVX,03/21/2025,Put,150.0,Put Buy,Closed,3.0,2.68,-804.78,0.78,-805.56
01/24/2025,01/24/2025,Buy,CVX,,,0.0,Stock Buy,Stock Trade,500.0,156.0,-78000.0,0.0,-78000.0
01/24/2025,01/24/2025,Sell to Open,MCD,01/31/2025,Put,280.0,Put Sell,Closed,5.0,0.7,348.68,1.32,347.36
01/24/2025,01/24/2025,Sell to Open,GOOGL,01/31/2025,Put,195.0,Put Sell,Closed,10.0,1.14,1137.33,2.67,1134.66
01/24/2025,01/24/2025,Buy to Close,NVDA,01/24/2025,Call,144.0,Call Buy,Closed,20.0,0.33,-665.22,5.22,-670.44
01/24/2025,01/24/2025,Sell,AXP,,,0.0,Stock Sell,Stock Trade,200.0,318.57,63712.2,1.8,63710.4
01/24/2025,01/24/2025,Sell to Close,AXP,01/24/2025,Put,320.0,Put Sell,Closed,2.0,2.93,585.45,0.55,584.9
01/24/2025,01/24/2025,Qualified Dividend,TOL,,,0.0,Dividend,Qualified Dividend,0.0,0.0,184.0,0.0,184.0
01/23/2025,01/23/2025,Buy to Close,TSLA,01/24/2025,Call,420.0,Call Buy,Closed,9.0,2.33,-2099.35,2.35,-2101.7
01/23/2025,01/23/2025,Sell to Close,TSLA,01/24/2025,Call,417.5,Call Sell,Closed,9.0,2.98,2679.55,2.45,2677.1
01/23/2025,01/23/2025,Buy to Close,TSLA,01/24/2025,Call,420.0,Call Buy,Closed,1.0,3.12,-312.26,0.26,-312.52
01/23/2025,01/23/2025,Sell to Close,TSLA,01/24/2025,Call,417.5,Call Sell,Closed,1.0,3.92,391.73,0.27,391.46
01/23/2025,01/23/2025,Buy to Close,CAT,01/31/2025,Put,360.0,Put Buy,Closed,2.0,0.4,-80.52,0.52,-81.04
01/23/2025,01/23/2025,Buy to Close,CAT,01/24/2025,Put,385.0,Put Buy,Closed,3.0,0.06,-18.78,0.78,-19.56
01/23/2025,01/23/2025,Sell to Open,CAT,01/31/2025,Put,360.0,Put Sell,Closed,2.0,0.66,131.47,0.53,130.94
01/22/2025,01/22/2025,Buy to Open,AMZN,02/07/2025,Put,235.0,Put Buy,Closed,2.0,8.9,-1780.52,0.52,-1781.04
01/22/2025,01/22/2025,Buy,AMZN,,,0.0,Stock Buy,Stock Trade,200.0,233.8,-46760.0,0.0,-46760.0
01/22/2025,01/22/2025,Sell to Open,TOL,01/31/2025,Put,129.0,Put Sell,Closed,3.0,0.68,203.2,0.8,202.4
01/22/2025,01/22/2025,Sell to Open,HD,01/24/2025,Put,405.0,Put Sell,Closed,2.0,0.54,107.47,0.53,106.94
01/22/2025,01/22/2025,Buy to Open,AXP,01/24/2025,Put,320.0,Put Buy,Closed,2.0,5.97,-1194.52,0.52,-1195.04
01/22/2025,01/22/2025,Buy,AXP,,,0.0,Stock Buy,Stock Trade,200.0,320.8,-64160.0,0.0,-64160.0
01/22/2025,01/22/2025,Sell to Open,NKE,01/24/2025,Put,74.0,Put Sell,Closed,5.0,0.53,263.68,1.32,262.36
01/22/2025,01/22/2025,Sell to Open,MCD,01/24/2025,Put,282.5,Put Sell,Closed,5.0,1.61,803.67,1.33,802.34
01/22/2025,01/22/2025,Sell to Open,ADSK,01/31/2025,Put,290.0,Put Sell,Closed,5.0,1.18,588.67,1.33,587.34
01/22/2025,01/22/2025,Sell to Open,CRM,01/24/2025,Put,327.5,Put Sell,Closed,1.0,1.61,160.74,0.26,160.48
01/21/2025,01/21/2025,Sell to Open,CRM,01/24/2025,Put,320.0,Put Sell,Closed,1.0,0.97,96.74,0.26,96.48
01/21/2025,01/21/2025,Sell to Open,ADBE,01/24/2025,Put,427.5,Put Sell,Closed,1.0,0.96,95.74,0.26,95.48
01/21/2025,01/21/2025,Sell to Open,CMI,02/21/2025,Put,320.0,Put Sell,Closed,2.0,1.02,203.46,0.54,202.92
01/21/2025,01/21/2025,Sell to Open,HD,01/24/2025,Put,410.0,Put Sell,Closed,3.0,0.63,188.2,0.8,187.4
01/21/2025,01/21/2025,Sell to Open,CEG,01/24/2025,Put,300.0,Put Sell,Closed,5.0,0.4,198.68,1.32,197.36
01/21/2025,01/21/2025,Sell to Open,CAT,01/24/2025,Put,385.0,Put Sell,Closed,3.0,1.15,344.2,0.8,343.4
01/21/2025,01/21/2025,Sell to Open,CVX,01/24/2025,Put,157.5,Put Sell,Closed,3.0,0.64,191.2,0.8,190.4
01/21/2025,01/21/2025,Sell to Open,QCOM,01/24/2025,Put,165.0,Put Sell,Closed,3.0,1.4,419.2,0.8,418.4
01/21/2025,01/21/2025,Sell to Open,QCOM,01/24/2025,Put,162.5,Put Sell,Closed,10.0,0.7,697.34,2.66,694.68
01/21/2025,01/21/2025,Sell to Open,WDAY,01/24/2025,Call,257.5,Call Sell,Closed,4.0,0.77,306.94,1.06,305.88
01/21/2025,01/21/2025,Sell,QCOM,,,0.0,Stock Sell,Stock Trade,100.0,164.8,16479.52,0.48,16479.04
01/21/2025,01/21/2025,Sell,GOOGL,,,0.0,Stock Sell,Stock Trade,100.0,197.33,19732.09,0.57,19731.52
01/21/2025,01/21/2025,Buy,QCOM,,,0.0,Stock Buy,Stock Trade,100.0,164.7,-16470.0,0.0,-16470.0
01/21/2025,01/21/2025,Buy,GOOGL,,,0.0,Stock Buy,Stock Trade,100.0,196.14,-19614.0,0.0,-19614.0
01/21/2025,01/17/2025,Expired,WDAY,01/17/2025,Call,255.0,Call Expired,Closed,4.0,0.0,0.0,0.0,0.0
01/21/2025,01/17/2025,Expired,TOL,01/17/2025,Put,121.0,Put Expired,Closed,3.0,0.0,0.0,0.0,0.0
01/21/2025,01/17/2025,Expired,QCOM,01/17/2025,Put,152.5,Put Expired,Closed,3.0,0.0,0.0,0.0,0.0
01/21/2025,01/17/2025,Expired,INTC,01/17/2025,Call,22.0,Call Expired,Closed,45.0,0.0,0.0,0.0,0.0
01/21/2025,01/17/2025,Expired,GOOGL,01/17/2025,Put,187.5,Put Expired,Closed,10.0,0.0,0.0,0.0,0.0
01/21/2025,01/17/2025,Expired,CVX,01/17/2025,Put,141.0,Put Expired,Closed,3.0,0.0,0.0,0.0,0.0
01/21/2025,01/17/2025,Expired,AMD,01/17/2025,Call,131.0,Call Expired,Closed,15.0,0.0,0.0,0.0,0.0
01/21/2025,01/17/2025,Expired,ADSK,01/17/2025,Put,265.0,Put Expired,Closed,5.0,0.0,0.0,0.0,0.0
01/21/2025,01/17/2025,Expired,VUG,01/17/2025,Put,375.0,Put Expired,Closed,5.0,0.0,0.0,0.0,0.0
01/21/2025,01/17/2025,Expired,VGT,01/17/2025,Put,585.0,Put Expired,Closed,2.0,0.0,0.0,0.0,0.0
01/21/2025,01/17/2025,Expired,JPM,01/17/2025,Put,225.0,Put Expired,Closed,5.0,0.0,0.0,0.0,0.0
01/21/2025,01/17/2025,Expired,CEG,01/17/2025,Put,260.0,Put Expired,Closed,5.0,0.0,0.0,0.0,0.0
01/21/2025,01/17/2025,Expired,COST,01/17/2025,Put,885.0,Put Expired,Closed,5.0,0.0,0.0,0.0,0.0
01/21/2025,01/17/2025,Expired,CMI,01/17/2025,Put,320.0,Put Expired,Closed,5.0,0.0,0.0,0.0,0.0
01/21/2025,01/17/2025,Expired,META,01/17/2025,Put,530.0,Put Expired,Closed,5.0,0.0,0.0,0.0,0.0
01/21/2025,01/17/2025,Expired,CAT,01/17/2025,Put,340.0,Put Expired,Closed,3.0,0.0,0.0,0.0,0.0
01/21/2025,01/17/2025,Expired,TSLA,01/17/2025,Put,250.0,Put Expired,Closed,3.0,0.0,0.0,0.0,0.0
01/21/2025,01/17/2025,Expired,TEAM,01/17/2025,Put,220.0,Put Expired,Closed,2.0,0.0,0.0,0.0,0.0
01/21/2025,01/17/2025,Expired,MCD,01/17/2025,Put,270.0,Put Expired,Closed,3.0,0.0,0.0,0.0,0.0
01/21/2025,01/17/2025,Expired,HON,01/17/2025,Put,210.0,Put Expired,Closed,10.0,0.0,0.0,0.0,0.0
01/21/2025,01/17/2025,Expired,DE,01/17/2025,Put,380.0,Put Expired,Closed,5.0,0.0,0.0,0.0,0.0
01/21/2025,01/17/2025,Expired,CVX,01/17/2025,Put,150.0,Put Expired,Closed,3.0,0.0,0.0,0.0,0.0
01/21/2025,01/17/2025,Expired,ADBE,01/17/2025,Put,410.0,Put Expired,Closed,5.0,0.0,0.0,0.0,0.0
01/21/2025,01/17/2025,Assigned,HD,01/17/2025,Call,400.0,Call Assigned,Closed,3.0,0.0,0.0,0.0,0.0
01/21/2025,01/17/2025,Assigned,CVX,01/17/2025,Call,155.0,Call Assigned,Closed,5.0,0.0,0.0,0.0,0.0
01/21/2025,01/17/2025,Assigned,CAT,01/17/2025,Call,375.0,Call Assigned,Closed,3.0,0.0,0.0,0.0,0.0
01/21/2025,01/17/2025,Assigned,QCOM,01/17/2025,Call,162.5,Call Assigned,Closed,10.0,0.0,0.0,0.0,0.0
01/21/2025,01/17/2025,Sell,HD,,,0.0,Stock Sell,Stock Trade,300.0,400.0,119996.61,3.39,119993.22
01/21/2025,01/17/2025,Sell,CVX,,,0.0,Stock Sell,Stock Trade,500.0,155.0,77497.77,2.23,77495.54
01/21/2025,01/17/2025,Sell,CAT,,,0.0,Stock Sell,Stock Trade,300.0,375.0,112496.82,3.18,112493.64
01/21/2025,01/17/2025,Sell,QCOM,,,0.0,Stock Sell,Stock Trade,1000.0,162.5,162495.31,4.69,162490.62
01/17/2025,01/17/2025,Sell to Open,ADSK,01/24/2025,Put,282.5,Put Sell,Closed,1.0,0.67,66.74,0.26,66.48
01/17/2025,01/17/2025,Buy to Close,TOL,01/17/2025,Call,136.0,Call Buy,Closed,8.0,0.1,-82.09,2.09,-84.18
01/17/2025,01/17/2025,Sell to Close,JPM,03/21/2025,Put,210.0,Put Sell,Closed,5.0,0.48,238.68,1.32,237.36
01/17/2025,01/17/2025,Buy to Open,ADP,01/31/2025,Put,300.0,Put Buy,Closed,1.0,6.65,-665.26,0.26,-665.52
01/17/2025,01/17/2025,Buy,ADP,,,0.0,Stock Buy,Stock Trade,100.0,298.1,-29810.0,0.0,-29810.0
01/17/2025,01/17/2025,Buy to Open,VIX,06/18/2025,Call,16.0,Call Buy,Open,10.0,3.8,-3806.81,6.81,-3813.62
01/17/2025,01/17/2025,Sell to Open,NKE,01/24/2025,Put,70.0,Put Sell,Closed,10.0,0.34,337.35,2.65,334.7
01/17/2025,01/17/2025,Sell to Open,MCD,01/24/2025,Put,277.5,Put Sell,Closed,5.0,0.7,348.68,1.32,347.36
01/17/2025,01/17/2025,Buy to Open,XOM,06/20/2025,Put,110.0,Put Buy,Open,3.0,4.8,-1440.78,0.78,-1441.56
01/17/2025,01/17/2025,Buy,XOM,,,0.0,Stock Buy,Stock Trade,200.0,112.6,-22519.74,0.0,-22519.74
01/17/2025,01/17/2025,Buy,XOM,,,0.0,Stock Buy,Stock Trade,100.0,112.5,-11250.0,0.0,-11250.0
01/17/2025,01/17/2025,Sell to Open,AVGO,01/24/2025,Put,225.0,Put Sell,Closed,2.0,1.16,231.46,0.54,230.92
01/17/2025,01/17/2025,Sell to Close,GS,01/24/2025,Put,560.0,Put Sell,Closed,3.0,0.07,20.21,0.79,19.42
01/17/2025,01/17/2025,Buy to Close,GS,01/17/2025,Put,560.0,Put Buy,Closed,3.0,0.02,-6.03,0.03,-6.06
01/16/2025,01/16/2025,Sell to Open,CAT,01/24/2025,Put,365.0,Put Sell,Closed,3.0,0.93,278.2,0.8,277.4
01/16/2025,01/16/2025,Sell to Open,BLK,02/14/2025,Put,890.0,Put Sell,Closed,1.0,1.6,159.74,0.26,159.48
01/16/2025,01/16/2025,Sell to Open,BLK,01/31/2025,Put,940.0,Put Sell,Closed,1.0,1.87,186.73,0.27,186.46
01/16/2025,01/16/2025,Buy to Close,MA,01/17/2025,Put,445.0,Put Buy,Closed,2.0,0.02,-4.02,0.02,-4.04
01/16/2025,01/16/2025,Buy to Close,CAT,01/17/2025,Put,372.5,Put Buy,Closed,3.0,1.15,-345.78,0.78,-346.56
01/16/2025,01/16/2025,Buy to Close,CAT,01/17/2025,Put,370.0,Put Buy,Closed,3.0,0.8,-240.78,0.78,-241.56
01/16/2025,01/16/2025,Sell to Open,CAT,01/17/2025,Put,372.5,Put Sell,Closed,3.0,1.16,347.2,0.8,346.4
01/16/2025,01/16/2025,Journal,SGUXX,,,0.0,Journal,Journal,1.71,0.0,0.0,0.0,0.0
01/16/2025,01/16/2025,Journal,SGUXX,,,0.0,Journal,Journal,-1.71,0.0,0.0,0.0,0.0
01/15/2025,01/15/2025,Reinvest Dividend,SGUXX,,,0.0,Reinvest Dividend,Reinvest Dividend,0.0,0.0,4841.26,0.0,4841.26
01/15/2025,01/15/2025,Reinvest Dividend,SGUXX,,,0.0,Reinvest Dividend,Reinvest Dividend,0.0,0.0,1.71,0.0,1.71
01/15/2025,01/15/2025,Reinvest Shares,SGUXX,,,0.0,Reinvest Shares,Reinvest Shares,4841.26,1.0,-4841.26,0.0,-4841.26
01/15/2025,01/15/2025,Reinvest Shares,SGUXX,,,0.0,Reinvest Shares,Reinvest Shares,1.71,1.0,-1.71,0.0,-1.71
01/15/2025,01/15/2025,Buy to Close,BLK,01/24/2025,Put,965.0,Put Buy,Closed,1.0,1.17,-117.26,0.26,-117.52
01/15/2025,01/15/2025,Buy to Close,MSFT,01/17/2025,Call,437.5,Call Buy,Closed,10.0,0.14,-142.61,2.61,-145.22
01/15/2025,01/15/2025,Sell to Open,MSFT,01/24/2025,Call,437.5,Call Sell,Closed,10.0,1.04,1037.33,2.67,1034.66
01/15/2025,01/15/2025,Sell to Open,CVX,01/24/2025,Put,155.0,Put Sell,Closed,5.0,0.66,328.68,1.32,327.36
01/15/2025,01/15/2025,Sell to Open,GOOGL,01/24/2025,Put,187.5,Put Sell,Closed,10.0,0.91,907.33,2.67,904.66
01/15/2025,01/15/2025,Sell to Open,ADBE,01/24/2025,Put,405.0,Put Sell,Closed,5.0,1.27,633.67,1.33,632.34
01/15/2025,01/15/2025,Sell to Open,BLK,01/24/2025,Put,965.0,Put Sell,Closed,1.0,1.6,159.74,0.26,159.48
01/15/2025,01/15/2025,Sell to Close,BLK,01/17/2025,Put,965.0,Put Sell,Closed,1.0,0.8,79.74,0.26,79.48
01/15/2025,01/15/2025,Sell to Open,CAT,01/17/2025,Put,370.0,Put Sell,Closed,3.0,1.0,299.2,0.8,298.4
01/15/2025,01/15/2025,Sell,BLK,,,0.0,Stock Sell,Stock Trade,100.0,1000.0,99997.2,2.8,99994.4
01/14/2025,01/14/2025,Buy to Open,BLK,01/17/2025,Put,965.0,Put Buy,Closed,1.0,15.7,-1570.26,0.26,-1570.52
01/14/2025,01/14/2025,Buy,BLK,,,0.0,Stock Buy,Stock Trade,100.0,964.7,-96470.0,0.0,-96470.0
01/13/2025,01/13/2025,Sell,SGUXX,,,0.0,Stock Sell,Stock Trade,200000.0,1.0,200000.0,0.0,200000.0
01/13/2025,01/13/2025,Sell to Open,CAT,01/17/2025,Call,375.0,Call Sell,Closed,3.0,0.78,233.2,0.8,232.4
01/13/2025,01/13/2025,Buy to Open,GS,01/24/2025,Put,560.0,Put Buy,Closed,3.0,14.13,-4239.78,0.78,-4240.56
01/13/2025,01/13/2025,Sell to Open,GS,01/17/2025,Put,560.0,Put Sell,Closed,3.0,12.28,3683.11,0.89,3682.22
01/13/2025,01/13/2025,Buy to Open,IBIT,05/16/2025,Put,52.0,Put Buy,Open,3.0,6.63,-1989.78,0.78,-1990.56
01/13/2025,01/13/2025,Sell to Open,HD,01/24/2025,Put,360.0,Put Sell,Closed,3.0,0.52,155.21,0.79,154.42
01/13/2025,01/13/2025,Sell to Open,CVX,01/17/2025,Put,150.0,Put Sell,Closed,3.0,0.18,53.21,0.79,52.42
01/13/2025,01/13/2025,Sell to Open,QCOM,01/17/2025,Call,162.5,Call Sell,Closed,10.0,0.83,827.34,2.66,824.68
01/13/2025,01/13/2025,Sell to Open,NVDA,01/24/2025,Call,144.0,Call Sell,Closed,20.0,0.73,1454.68,5.32,1449.36
01/13/2025,01/13/2025,Sell to Open,CEG,01/17/2025,Put,260.0,Put Sell,Closed,5.0,0.85,423.68,1.32,422.36
01/13/2025,01/13/2025,Buy to Open,CAT,05/16/2025,Put,350.0,Put Buy,Open,3.0,19.14,-5742.78,0.78,-5743.56
01/13/2025,01/13/2025,Sell to Close,CAT,05/16/2025,Put,330.0,Put Sell,Open,3.0,12.0,3599.11,0.89,3598.22
01/13/2025,01/13/2025,Sell to Open,AXP,01/24/2025,Put,260.0,Put Sell,Closed,10.0,0.65,647.34,2.66,644.68
01/13/2025,01/13/2025,Sell,CRM,,,0.0,Stock Sell,Stock Trade,300.0,320.02,96003.28,2.72,96000.56
01/13/2025,01/13/2025,Buy to Close,COST,01/24/2025,Put,850.0,Put Buy,Closed,2.0,0.85,-170.52,0.52,-171.04
01/13/2025,01/10/2025,Buy,CRM,,,0.0,Stock Buy,Stock Trade,300.0,320.0,-96000.0,0.0,-96000.0
01/13/2025,01/10/2025,Buy,NVDA,,,0.0,Stock Buy,Stock Trade,1000.0,145.0,-145000.0,0.0,-145000.0
01/13/2025,01/10/2025,Buy,NVDA,,,0.0,Stock Buy,Stock Trade,1000.0,142.0,-142000.0,0.0,-142000.0
01/13/2025,01/10/2025,Buy,IBIT,,,0.0,Stock Buy,Stock Trade,300.0,55.0,-16500.0,0.0,-16500.0
01/13/2025,01/10/2025,Expired,AXP,01/10/2025,Put,277.5,Put Expired,Closed,5.0,0.0,0.0,0.0,0.0
01/13/2025,01/10/2025,Expired,TSLA,01/10/2025,Put,200.0,Put Expired,Closed,4.0,0.0,0.0,0.0,0.0
01/13/2025,01/10/2025,Expired,META,01/10/2025,Put,490.0,Put Expired,Closed,10.0,0.0,0.0,0.0,0.0
01/13/2025,01/10/2025,Expired,GS,01/10/2025,Put,505.0,Put Expired,Closed,10.0,0.0,0.0,0.0,0.0
01/13/2025,01/10/2025,Expired,COST,01/10/2025,Put,890.0,Put Expired,Closed,3.0,0.0,0.0,0.0,0.0
01/13/2025,01/10/2025,Expired,TEAM,01/10/2025,Put,230.0,Put Expired,Closed,5.0,0.0,0.0,0.0,0.0
01/13/2025,01/10/2025,Expired,QCOM,01/10/2025,Call,165.0,Call Expired,Closed,10.0,0.0,0.0,0.0,0.0
01/13/2025,01/10/2025,Expired,HD,01/10/2025,Put,370.0,Put Expired,Closed,3.0,0.0,0.0,0.0,0.0
01/13/2025,01/10/2025,Expired,GLD,01/10/2025,Put,245.0,Put Expired,Closed,5.0,0.0,0.0,0.0,0.0
01/13/2025,01/10/2025,Expired,CRM,01/10/2025,Put,300.0,Put Expired,Closed,5.0,0.0,0.0,0.0,0.0
01/13/2025,01/10/2025,Expired,CAT,01/10/2025,Call,375.0,Call Expired,Closed,3.0,0.0,0.0,0.0,0.0
01/13/2025,01/10/2025,Expired,ADSK,01/10/2025,Put,275.0,Put Expired,Closed,5.0,0.0,0.0,0.0,0.0
01/13/2025,01/10/2025,Expired,AAPL,01/10/2025,Call,250.0,Call Expired,Closed,20.0,0.0,0.0,0.0,0.0
01/13/2025,01/10/2025,Assigned,CRM,01/10/2025,Put,320.0,Put Assigned,Closed,3.0,0.0,0.0,0.0,0.0
01/13/2025,01/10/2025,Assigned,NVDA,01/10/2025,Put,145.0,Put Assigned,Closed,10.0,0.0,0.0,0.0,0.0
01/13/2025,01/10/2025,Assigned,NVDA,01/10/2025,Put,142.0,Put Assigned,Closed,10.0,0.0,0.0,0.0,0.0
01/13/2025,01/10/2025,Assigned,IBIT,01/10/2025,Put,55.0,Put Assigned,Closed,3.0,0.0,0.0,0.0,0.0
01/10/2025,01/10/2025,Sell to Close,GLD,01/15/2025,Put,245.0,Put Sell,Closed,5.0,0.44,218.68,1.32,217.36
01/10/2025,01/10/2025,Buy to Close,JPM,01/10/2025,Put,220.0,Put Buy,Closed,5.0,0.01,-5.05,0.05,-5.1
01/10/2025,01/10/2025,Sell to Open,JPM,01/17/2025,Put,225.0,Put Sell,Closed,5.0,0.66,328.68,1.32,327.36
01/10/2025,01/10/2025,Sell to Open,WDAY,01/17/2025,Call,255.0,Call Sell,Closed,4.0,2.65,1058.92,1.08,1057.84
01/10/2025,01/10/2025,Buy to Close,WDAY,01/10/2025,Call,257.5,Call Buy,Closed,4.0,0.05,-20.04,0.04,-20.08
01/10/2025,01/10/2025,Buy to Close,GOOGL,01/10/2025,Put,190.0,Put Buy,Closed,10.0,0.02,-20.11,0.11,-20.22
01/10/2025,01/10/2025,Sell to Open,GOOGL,01/17/2025,Put,187.5,Put Sell,Closed,10.0,0.84,837.34,2.66,834.68
01/10/2025,01/10/2025,Buy to Close,QCOM,01/10/2025,Put,155.0,Put Buy,Closed,3.0,0.03,-9.03,0.03,-9.06
01/10/2025,01/10/2025,Sell to Open,QCOM,01/17/2025,Put,152.5,Put Sell,Closed,3.0,1.08,323.2,0.8,322.4
01/10/2025,01/10/2025,Sell to Open,HD,01/17/2025,Call,400.0,Call Sell,Closed,3.0,1.85,554.19,0.81,553.38
01/10/2025,01/10/2025,Buy to Close,HD,01/10/2025,Call,400.0,Call Buy,Closed,3.0,0.03,-9.03,0.03,-9.06
01/10/2025,01/10/2025,Buy to Close,MSFT,01/10/2025,Call,437.5,Call Buy,Closed,10.0,0.01,-10.11,0.11,-10.22
01/10/2025,01/10/2025,Sell to Open,MSFT,01/17/2025,Call,437.5,Call Sell,Closed,10.0,0.66,657.34,2.66,654.68
01/08/2025,01/08/2025,Sell,GOOGL,,,0.0,Stock Sell,Stock Trade,1.029,193.65,199.26,0.01,199.25
01/08/2025,01/08/2025,Sell to Open,GLD,01/10/2025,Put,245.0,Put Sell,Closed,5.0,0.94,468.68,1.32,467.36
01/08/2025,01/08/2025,Buy to Open,GLD,01/15/2025,Put,245.0,Put Buy,Closed,5.0,1.59,-796.3,1.3,-797.6
01/08/2025,01/08/2025,Sell to Open,TSLA,01/24/2025,Call,420.0,Call Sell,Closed,10.0,10.05,10047.08,2.92,10044.16
01/08/2025,01/08/2025,Buy to Open,TSLA,01/24/2025,Call,417.5,Call Buy,Closed,10.0,10.79,-10792.61,2.61,-10795.22
01/08/2025,01/08/2025,Sell to Open,AMD,01/17/2025,Call,131.0,Call Sell,Closed,15.0,0.68,1016.02,3.98,1012.04
01/08/2025,01/08/2025,Buy to Close,AMD,01/10/2025,Call,135.0,Call Buy,Closed,15.0,0.03,-45.16,0.16,-45.32
01/08/2025,01/08/2025,Sell to Open,TEAM,01/17/2025,Put,220.0,Put Sell,Closed,2.0,0.6,119.47,0.53,118.94
01/08/2025,01/08/2025,Sell to Open,CRM,01/10/2025,Put,320.0,Put Sell,Closed,3.0,1.45,434.2,0.8,433.4
01/07/2025,01/07/2025,Sell,SGUXX,,,0.0,Stock Sell,Stock Trade,150000.0,1.0,150000.0,0.0,150000.0
01/07/2025,01/07/2025,Sell to Open,CVX,01/17/2025,Put,141.0,Put Sell,Closed,3.0,0.14,41.21,0.79,40.42
01/07/2025,01/07/2025,Sell to Open,ADBE,01/24/2025,Put,380.0,Put Sell,Closed,3.0,0.48,143.21,0.79,142.42
01/07/2025,01/07/2025,Sell to Open,META,01/17/2025,Put,530.0,Put Sell,Closed,5.0,0.5,248.68,1.32,247.36
01/07/2025,01/07/2025,Sell to Open,CAT,01/17/2025,Put,340.0,Put Sell,Closed,3.0,0.7,209.2,0.8,208.4
01/06/2025,01/06/2025,Buy,IYF,,,0.0,Stock Buy,Stock Trade,50.0,112.1,-5605.0,0.0,-5605.0
01/06/2025,01/06/2025,Sell to Open,WDAY,01/10/2025,Call,257.5,Call Sell,Closed,4.0,2.02,806.93,1.07,805.86
01/06/2025,01/06/2025,Buy to Open,WDAY,06/20/2025,Put,240.0,Put Buy,Open,4.0,15.7,-6281.04,1.04,-6282.08
01/06/2025,01/06/2025,Sell to Open,VGT,02/21/2025,Put,570.0,Put Sell,Closed,3.0,1.8,539.19,0.81,538.38
01/06/2025,01/06/2025,Sell to Close,VDE,04/17/2025,Put,105.0,Put Sell,Open,2.0,0.55,109.47,0.53,108.94
01/06/2025,01/06/2025,Sell to Open,TOL,01/17/2025,Put,121.0,Put Sell,Closed,3.0,0.7,209.2,0.8,208.4
01/06/2025,01/06/2025,Buy to Open,VDE,04/17/2025,Put,110.0,Put Buy,Open,2.0,1.5,-300.52,0.52,-301.04
01/06/2025,01/06/2025,Sell to Open,TOL,01/17/2025,Call,136.0,Call Sell,Closed,8.0,0.47,373.88,2.12,371.76
01/06/2025,01/06/2025,Sell to Open,QCOM,01/10/2025,Put,155.0,Put Sell,Closed,3.0,0.31,92.21,0.79,91.42
01/06/2025,01/06/2025,Sell to Open,NVDA,01/10/2025,Put,142.0,Put Sell,Closed,10.0,0.66,657.34,2.66,654.68
01/06/2025,01/06/2025,Sell to Open,NVDA,01/10/2025,Put,145.0,Put Sell,Closed,10.0,1.31,1307.32,2.68,1304.64
01/06/2025,01/06/2025,Sell to Open,HD,01/10/2025,Call,400.0,Call Sell,Closed,3.0,0.74,221.2,0.8,220.4
01/06/2025,01/06/2025,Sell to Open,GOOGL,01/10/2025,Put,190.0,Put Sell,Closed,10.0,0.52,517.35,2.65,514.7
01/06/2025,01/06/2025,Sell to Open,CVX,01/17/2025,Call,155.0,Call Sell,Closed,5.0,0.48,238.68,1.32,237.36
01/06/2025,01/06/2025,Sell to Open,CAT,01/10/2025,Call,375.0,Call Sell,Closed,3.0,1.32,395.2,0.8,394.4
01/06/2025,01/06/2025,Sell to Open,QCOM,01/10/2025,Call,165.0,Call Sell,Closed,10.0,1.05,1047.33,2.67,1044.66
01/06/2025,01/06/2025,Sell to Open,AMD,01/10/2025,Call,135.0,Call Sell,Closed,15.0,0.85,1271.01,3.99,1267.02
01/06/2025,01/06/2025,Sell to Open,MSFT,01/10/2025,Call,437.5,Call Sell,Closed,10.0,0.6,597.34,2.66,594.68
01/06/2025,01/06/2025,Buy to Close,INTC,03/21/2025,Call,26.0,Call Buy,Closed,45.0,0.64,-2891.74,11.74,-2903.48
01/06/2025,01/06/2025,Sell to Open,AAPL,01/10/2025,Call,250.0,Call Sell,Closed,20.0,0.8,1594.68,5.32,1589.36
01/06/2025,01/03/2025,Sell,NVDA,,,0.0,Stock Sell,Stock Trade,2000.0,141.0,281991.83,8.17,281983.66
01/06/2025,01/03/2025,Buy,AAPL,,,0.0,Stock Buy,Stock Trade,1000.0,247.5,-247500.0,0.0,-247500.0
01/06/2025,01/03/2025,Buy,MSFT,,,0.0,Stock Buy,Stock Trade,200.0,437.5,-87500.0,0.0,-87500.0
01/06/2025,01/03/2025,Buy,CVX,,,0.0,Stock Buy,Stock Trade,200.0,152.5,-30500.0,0.0,-30500.0
01/06/2025,01/03/2025,Buy,WDAY,,,0.0,Stock Buy,Stock Trade,400.0,255.0,-102000.0,0.0,-102000.0
01/06/2025,01/03/2025,Expired,TOL,01/03/2025,Call,131.0,Call Expired,Closed,5.0,0.0,0.0,0.0,0.0
01/06/2025,01/03/2025,Expired,TOL,01/03/2025,Put,121.0,Put Expired,Closed,3.0,0.0,0.0,0.0,0.0
01/06/2025,01/03/2025,Expired,QCOM,01/03/2025,Call,162.5,Call Expired,Closed,10.0,0.0,0.0,0.0,0.0
01/06/2025,01/03/2025,Expired,TSLA,01/03/2025,Put,235.0,Put Expired,Closed,3.0,0.0,0.0,0.0,0.0
01/06/2025,01/03/2025,Expired,QCOM,01/03/2025,Put,150.0,Put Expired,Closed,3.0,0.0,0.0,0.0,0.0
01/06/2025,01/03/2025,Expired,QQQ,01/03/2025,Put,510.0,Put Expired,Closed,3.0,0.0,0.0,0.0,0.0
01/06/2025,01/03/2025,Expired,OXY,01/03/2025,Put,46.0,Put Expired,Closed,5.0,0.0,0.0,0.0,0.0
01/06/2025,01/03/2025,Expired,META,01/03/2025,Put,535.0,Put Expired,Closed,5.0,0.0,0.0,0.0,0.0
01/06/2025,01/03/2025,Expired,IBIT,01/03/2025,Put,53.0,Put Expired,Closed,4.0,0.0,0.0,0.0,0.0
01/06/2025,01/03/2025,Expired,HD,01/03/2025,Call,400.0,Call Expired,Closed,3.0,0.0,0.0,0.0,0.0
01/06/2025,01/03/2025,Expired,GS,01/03/2025,Put,540.0,Put Expired,Closed,2.0,0.0,0.0,0.0,0.0
01/06/2025,01/03/2025,Expired,GOOGL,01/03/2025,Put,185.0,Put Expired,Closed,10.0,0.0,0.0,0.0,0.0
01/06/2025,01/03/2025,Expired,EXPE,01/03/2025,Put,170.0,Put Expired,Closed,5.0,0.0,0.0,0.0,0.0
01/06/2025,01/03/2025,Expired,CMCSA,01/03/2025,Call,39.0,Call Expired,Closed,12.0,0.0,0.0,0.0,0.0
01/06/2025,01/03/2025,Expired,CAT,01/03/2025,Put,350.0,Put Expired,Closed,5.0,0.0,0.0,0.0,0.0
01/06/2025,01/03/2025,Expired,CAT,01/03/2025,Call,370.0,Call Expired,Closed,3.0,0.0,0.0,0.0,0.0
01/06/2025,01/03/2025,Expired,AMD,01/03/2025,Call,130.0,Call Expired,Closed,15.0,0.0,0.0,0.0,0.0
01/06/2025,01/03/2025,Expired,AMZN,01/03/2025,Put,210.0,Put Expired,Closed,5.0,0.0,0.0,0.0,0.0
01/06/2025,01/03/2025,Expired,ADBE,01/03/2025,Put,425.0,Put Expired,Closed,10.0,0.0,0.0,0.0,0.0
01/06/2025,01/03/2025,Assigned,NVDA,01/03/2025,Call,141.0,Call Assigned,Closed,20.0,0.0,0.0,0.0,0.0
01/06/2025,01/03/2025,Assigned,AAPL,01/03/2025,Put,247.5,Put Assigned,Closed,10.0,0.0,0.0,0.0,0.0
01/06/2025,01/03/2025,Assigned,MSFT,01/03/2025,Put,437.5,Put Assigned,Closed,2.0,0.0,0.0,0.0,0.0
01/06/2025,01/03/2025,Assigned,CVX,01/03/2025,Put,152.5,Put Assigned,Closed,2.0,0.0,0.0,0.0,0.0
01/06/2025,01/03/2025,Assigned,WDAY,01/03/2025,Put,255.0,Put Assigned,Closed,4.0,0.0,0.0,0.0,0.0
01/03/2025,01/03/2025,Sell,SGUXX,,,0.0,Stock Sell,Stock Trade,300000.0,1.0,300000.0,0.0,300000.0
01/03/2025,01/03/2025,Sell,SGUXX,,,0.0,Stock Sell,Stock Trade,300000.0,1.0,300000.0,0.0,300000.0
01/03/2025,01/03/2025,Buy,AGG,,,0.0,Stock Buy,Stock Trade,200.0,96.8,-19360.0,0.0,-19360.0
01/03/2025,01/03/2025,Sell to Open,IBIT,01/10/2025,Put,55.0,Put Sell,Closed,3.0,0.85,254.2,0.8,253.4
01/03/2025,01/03/2025,Buy to Open,AGG,06/20/2025,Put,96.0,Put Buy,Open,2.0,1.11,-222.52,0.52,-223.04
01/03/2025,01/03/2025,Sell to Open,EXPE,01/31/2025,Put,170.0,Put Sell,Closed,2.0,1.0,199.46,0.54,198.92
01/03/2025,01/02/2025,Assigned,AAPL,01/03/2025,Put,252.5,Put Assigned,Closed,10.0,0.0,0.0,0.0,0.0
01/03/2025,01/02/2025,Assigned,MSFT,01/03/2025,Put,437.5,Put Assigned,Closed,8.0,0.0,0.0,0.0,0.0
01/03/2025,01/02/2025,Buy,AAPL,,,0.0,Stock Buy,Stock Trade,1000.0,252.5,-252500.0,0.0,-252500.0
01/03/2025,01/02/2025,Buy,MSFT,,,0.0,Stock Buy,Stock Trade,800.0,437.5,-350000.0,0.0,-350000.0
01/03/2025,01/02/2025,Expired,SPY,01/02/2025,Put,581.0,Put Expired,Closed,10.0,0.0,0.0,0.0,0.0
01/02/2025,01/02/2025,Buy to Close,INTC,01/03/2025,Call,22.0,Call Buy,Closed,45.0,0.01,-45.49,0.49,-45.98
01/02/2025,01/02/2025,Sell to Open,INTC,01/17/2025,Call,22.0,Call Sell,Closed,45.0,0.23,1023.1,11.9,1011.2
01/02/2025,01/02/2025,Qualified Dividend,NKE,,,0.0,Dividend,Qualified Dividend,0.0,0.0,400.0,0.0,400.0
01/02/2025,01/02/2025,Journal,SGUXX,,,0.0,Journal,Journal,14476.53,0.0,0.0,0.0,0.0
01/02/2025,01/02/2025,Journal,SGUXX,,,0.0,Journal,Journal,-14476.53,0.0,0.0,0.0,0.0
01/02/2025,12/31/2024,Expired,SPY,12/31/2024,Put,540.0,Put Expired,Closed,3.0,0.0,0.0,0.0,0.0
