Posted_Date,Transaction_Date,Action,Ticker,Expiry,Strike,Option_Type,Type,Quantity,Price,Fees & Com,Amount,Status
03/31/2025,03/31/2025,Qualified Dividend,AVGO,,0.0,,Dividend,0.0,0.0,0.0,295.0,Close
03/31/2025,03/28/2025,Expired,MCD,03/28/2025,287.5,Put,Expired,1.0,0.0,0.0,0.0,Close
03/31/2025,03/28/2025,Expired,EXPE,03/28/2025,172.5,Call,Expired,2.0,0.0,0.0,0.0,Close
03/31/2025,03/28/2025,Expired,AAPL,03/28/2025,227.5,Call,Expired,3.0,0.0,0.0,0.0,Close
03/31/2025,03/28/2025,Buy,INTC,,0.0,,Stock Buy,1000.0,23.5,0.0,-23500.0,Open
03/31/2025,03/28/2025,Buy,AVGO,,0.0,,Stock Buy,200.0,170.0,0.0,-34000.0,Open
03/31/2025,03/28/2025,Expired,NVDA,03/28/2025,105.0,Put,Expired,2.0,0.0,0.0,0.0,Close
03/31/2025,03/28/2025,Expired,HD,03/28/2025,335.0,Put,Expired,2.0,0.0,0.0,0.0,Close
03/31/2025,03/28/2025,Expired,COST,03/28/2025,860.0,Put,Expired,1.0,0.0,0.0,0.0,Close
03/31/2025,03/28/2025,Expired,COST,03/28/2025,840.0,Put,Expired,1.0,0.0,0.0,0.0,Close
03/31/2025,03/28/2025,Expired,COST,03/28/2025,800.0,Put,Expired,1.0,0.0,0.0,0.0,Close
03/31/2025,03/28/2025,Expired,WDAY,03/28/2025,260.0,Call,Expired,2.0,0.0,0.0,0.0,Close
03/31/2025,03/28/2025,Expired,ORCL,03/28/2025,165.0,Call,Expired,6.0,0.0,0.0,0.0,Close
03/31/2025,03/28/2025,Expired,ORCL,03/28/2025,140.0,Put,Expired,1.0,0.0,0.0,0.0,Close
03/31/2025,03/28/2025,Expired,INTC,03/28/2025,24.0,Call,Expired,25.0,0.0,0.0,0.0,Close
03/31/2025,03/28/2025,Expired,HD,03/28/2025,395.0,Call,Expired,3.0,0.0,0.0,0.0,Close
03/31/2025,03/28/2025,Expired,EXPE,03/28/2025,150.0,Put,Expired,-2.0,0.0,0.0,0.0,Close
03/31/2025,03/28/2025,Expired,DE,03/28/2025,405.0,Put,Expired,1.0,0.0,0.0,0.0,Close
03/31/2025,03/28/2025,Expired,CAT,03/28/2025,320.0,Put,Expired,2.0,0.0,0.0,0.0,Close
03/31/2025,03/28/2025,Assigned,INTC,03/28/2025,23.5,Put,Assigned,10.0,0.0,0.0,0.0,Close
03/31/2025,03/28/2025,Assigned,AVGO,03/28/2025,170.0,Put,Assigned,2.0,0.0,0.0,0.0,Close
03/28/2025,03/28/2025,Credit Interest,,,0.0,,Interest,0.0,0.0,0.0,11.33,Open
03/28/2025,03/28/2025,Margin Interest,,,0.0,,Interest,0.0,0.0,0.0,-233.95,Open
03/28/2025,03/28/2025,Sell to Open,WDAY,04/04/2025,220.0,Put,Put Sell,2.0,0.6,0.53,119.47,Close
03/28/2025,03/28/2025,Buy to Close,WDAY,03/28/2025,237.5,Put,Put Buy,2.0,1.35,0.52,-270.52,Close
03/28/2025,03/28/2025,Sell to Open,MCD,04/11/2025,295.0,Put,Put Sell,2.0,0.95,0.54,189.46,Open
03/28/2025,03/28/2025,Sell to Open,CAT,04/04/2025,310.0,Put,Put Sell,2.0,0.98,0.54,195.46,Close
03/27/2025,03/27/2025,Qualified Dividend,HD,,0.0,,Dividend,0.0,0.0,0.0,690.0,Close
03/27/2025,03/27/2025,Cash Dividend,VFMO,,0.0,,Dividend,0.0,0.0,0.0,31.18,Close
03/27/2025,03/27/2025,Cash Dividend,VDE,,0.0,,Dividend,0.0,0.0,0.0,189.74,Close
03/26/2025,03/26/2025,Buy to Close,AVGO,03/28/2025,225.0,Call,Call Buy,5.0,0.01,0.05,-5.05,Close
03/26/2025,03/26/2025,Sell to Open,AAPL,04/04/2025,210.0,Put,Put Sell,2.0,0.91,0.54,181.46,Close
03/26/2025,03/26/2025,Sell to Open,CAT,04/04/2025,320.0,Put,Put Sell,2.0,1.04,0.54,207.46,Close
03/26/2025,03/26/2025,Sell to Open,AVGO,04/04/2025,160.0,Put,Put Sell,2.0,0.83,0.53,165.47,Close
03/26/2025,03/26/2025,Sell to Open,ORCL,04/04/2025,135.0,Put,Put Sell,2.0,0.64,0.53,127.47,Close
03/26/2025,03/26/2025,Sell to Open,WDAY,04/04/2025,237.5,Put,Put Sell,2.0,1.05,0.54,209.46,Close
03/26/2025,03/26/2025,Sell to Open,NVDA,04/04/2025,108.0,Put,Put Sell,2.0,0.91,0.54,181.46,Close
03/26/2025,03/26/2025,Sell to Open,HD,04/04/2025,340.0,Put,Put Sell,2.0,0.6,0.53,119.47,Close
03/26/2025,03/26/2025,Cash Dividend,XLF,,0.0,,Dividend,0.0,0.0,0.0,73.3,Close
03/25/2025,03/25/2025,Sell to Open,AVGO,04/04/2025,175.0,Put,Put Sell,2.0,1.19,0.54,237.46,Close
03/25/2025,03/25/2025,Buy to Close,AAPL,03/28/2025,230.0,Call,Call Buy,1.0,0.23,0.26,-23.26,Close
03/25/2025,03/25/2025,Sell to Open,XOM,04/04/2025,115.0,Put,Put Sell,3.0,0.91,0.8,272.2,Close
03/24/2025,03/21/2025,Expired,NVDA,03/21/2025,131.0,Call,Expired,5.0,0.0,0.0,0.0,Close
03/24/2025,03/21/2025,Expired,RF,03/21/2025,21.0,Put,Expired,3.0,0.0,0.0,0.0,Close
03/24/2025,03/21/2025,Expired,HD,03/21/2025,335.0,Put,Expired,1.0,0.0,0.0,0.0,Close
03/24/2025,03/21/2025,Expired,CMI,03/21/2025,320.0,Put,Expired,2.0,0.0,0.0,0.0,Close
03/24/2025,03/21/2025,Expired,MCD,03/21/2025,295.0,Put,Expired,1.0,0.0,0.0,0.0,Close
03/24/2025,03/21/2025,Expired,VGT,03/21/2025,550.0,Put,Expired,3.0,0.0,0.0,0.0,Close
03/24/2025,03/21/2025,Expired,CAT,03/21/2025,320.0,Put,Expired,2.0,0.0,0.0,0.0,Close
03/24/2025,03/21/2025,Exchange or Exercise,TOL,03/21/2025,135.0,Put,Exchange or Exercise,-3.0,0.0,0.0,0.0,Close
03/24/2025,03/21/2025,Exchange or Exercise,TOL,03/21/2025,130.0,Put,Exchange or Exercise,-5.0,0.0,0.0,0.0,Close
03/24/2025,03/21/2025,Exchange or Exercise,TOL,03/21/2025,120.0,Put,Exchange or Exercise,-1.0,0.0,0.0,0.0,Close
03/24/2025,03/21/2025,Assigned,XOM,03/21/2025,115.0,Call,Assigned,3.0,0.0,0.0,0.0,Close
03/24/2025,03/21/2025,Exchange or Exercise,NVDA,03/21/2025,140.0,Put,Exchange or Exercise,-40.0,0.0,0.0,0.0,Close
03/24/2025,03/21/2025,Assigned,GBTC,03/21/2025,68.0,Put,Assigned,2.0,0.0,0.0,0.0,Close
03/24/2025,03/21/2025,Sell,TOL,,0.0,,Stock Sell,300.0,135.0,1.18,40498.82,Open
03/24/2025,03/21/2025,Sell,TOL,,0.0,,Stock Sell,500.0,130.0,1.89,64998.11,Open
03/24/2025,03/21/2025,Sell,TOL,,0.0,,Stock Sell,100.0,120.0,0.35,11999.65,Open
03/24/2025,03/21/2025,Sell,XOM,,0.0,,Stock Sell,300.0,115.0,1.01,34498.99,Open
03/24/2025,03/21/2025,Sell,NVDA,,0.0,,Stock Sell,4000.0,140.0,16.23,559983.77,Open
03/24/2025,03/21/2025,Buy,GBTC,,0.0,,Stock Buy,200.0,68.0,0.0,-13600.0,Open
03/21/2025,03/21/2025,Cash Dividend,IYF,,0.0,,Dividend,0.0,0.0,0.0,37.05,Close
03/21/2025,03/20/2025,Assigned,AAPL,04/17/2025,250.0,Put,Assigned,9.0,0.0,0.0,0.0,Close
03/21/2025,03/20/2025,Buy,AAPL,,0.0,,Stock Buy,900.0,250.0,0.0,-225000.0,Open
03/20/2025,03/20/2025,Sell to Open,HD,03/28/2025,335.0,Put,Put Sell,2.0,0.54,0.53,107.47,Close
03/20/2025,03/20/2025,Sell to Open,COST,03/28/2025,860.0,Put,Put Sell,1.0,2.66,0.27,265.73,Close
03/20/2025,03/20/2025,Sell to Open,CAT,03/28/2025,320.0,Put,Put Sell,2.0,1.07,0.54,213.46,Close
03/20/2025,03/20/2025,Buy to Close,WDAY,03/28/2025,265.0,Call,Call Buy,2.0,0.53,0.52,-106.52,Close
03/20/2025,03/19/2025,Assigned,IYF,03/21/2025,116.0,Put,Assigned,1.0,0.0,0.0,0.0,Close
03/20/2025,03/19/2025,Buy,IYF,,0.0,,Stock Buy,100.0,116.0,0.0,-11600.0,Open
03/18/2025,03/18/2025,Sell to Open,ORCL,03/28/2025,140.0,Put,Put Sell,1.0,0.91,0.26,90.74,Close
03/18/2025,03/18/2025,Sell to Open,NVDA,03/28/2025,105.0,Put,Put Sell,2.0,0.75,0.53,149.47,Close
03/18/2025,03/18/2025,Sell to Open,MCD,03/21/2025,295.0,Put,Put Sell,1.0,0.54,0.26,53.74,Close
03/18/2025,03/18/2025,Sell to Open,HD,03/21/2025,335.0,Put,Put Sell,1.0,0.68,0.26,67.74,Close
03/18/2025,03/18/2025,Sell to Open,CAT,03/21/2025,320.0,Put,Put Sell,2.0,0.46,0.53,91.47,Close
03/18/2025,03/17/2025,Assigned,AAPL,04/17/2025,250.0,Put,Assigned,1.0,0.0,0.0,0.0,Close
03/18/2025,03/17/2025,Assigned,NVDA,03/21/2025,150.0,Put,Assigned,20.0,0.0,0.0,0.0,Close
03/18/2025,03/17/2025,Buy,AAPL,,0.0,,Stock Buy,100.0,250.0,0.0,-25000.0,Open
03/18/2025,03/17/2025,Buy,NVDA,,0.0,,Stock Buy,2000.0,150.0,0.0,-300000.0,Open
03/17/2025,03/17/2025,Reinvest Dividend,SGUXX,,0.0,,Dividend,0.0,0.0,0.0,8086.45,Close
03/17/2025,03/17/2025,Reinvest Shares,SGUXX,,0.0,,Reinvest Shares,8086.45,1.0,0.0,-8086.45,Open
03/17/2025,03/17/2025,Sell to Open,WDAY,03/28/2025,237.5,Put,Put Sell,2.0,1.37,0.54,273.46,Close
03/17/2025,03/17/2025,Sell to Open,CMI,04/17/2025,280.0,Put,Put Sell,2.0,1.02,0.54,203.46,Open
03/17/2025,03/17/2025,Sell to Open,DE,04/04/2025,440.0,Put,Put Sell,1.0,2.01,0.27,200.73,Close
03/17/2025,03/17/2025,Sell to Open,INTC,03/28/2025,23.5,Put,Put Sell,10.0,0.24,2.65,237.35,Close
03/17/2025,03/17/2025,Sell to Open,COST,03/28/2025,840.0,Put,Put Sell,1.0,1.43,0.26,142.74,Close
03/17/2025,03/17/2025,Sell to Open,AVGO,03/28/2025,170.0,Put,Put Sell,2.0,1.09,0.54,217.46,Close
03/17/2025,03/17/2025,Sell to Open,WDAY,03/28/2025,265.0,Call,Call Sell,2.0,0.65,0.53,129.47,Close
03/17/2025,03/17/2025,Sell to Open,MCD,03/28/2025,287.5,Put,Put Sell,1.0,0.75,0.26,74.74,Close
03/17/2025,03/14/2025,Buy,EXPE,,0.0,,Stock Buy,200.0,170.0,0.0,-34000.0,Open
03/17/2025,03/14/2025,Expired,WDAY,03/14/2025,227.5,Put,Expired,2.0,0.0,0.0,0.0,Close
03/17/2025,03/14/2025,Expired,AVGO,03/14/2025,165.0,Put,Expired,2.0,0.0,0.0,0.0,Close
03/17/2025,03/14/2025,Expired,AVGO,03/14/2025,185.0,Put,Expired,2.0,0.0,0.0,0.0,Close
03/17/2025,03/14/2025,Assigned,EXPE,03/14/2025,170.0,Put,Assigned,2.0,0.0,0.0,0.0,Close
03/14/2025,03/14/2025,Buy to Close,CVX,03/28/2025,165.0,Call,Call Buy,5.0,0.32,1.3,-161.3,Close
03/14/2025,03/14/2025,Buy to Close,MSFT,03/14/2025,375.0,Put,Put Buy,2.0,0.01,0.02,-2.02,Close
03/14/2025,03/14/2025,Buy to Close,HD,03/14/2025,350.0,Put,Put Buy,3.0,0.4,0.78,-120.78,Close
03/14/2025,03/14/2025,Sell to Open,AAPL,03/28/2025,230.0,Call,Call Sell,1.0,0.56,0.26,55.74,Close
03/14/2025,03/14/2025,Buy to Close,COST,03/14/2025,900.0,Put,Put Buy,2.0,0.2,0.52,-40.52,Close
03/14/2025,03/14/2025,Buy to Close,AAPL,03/14/2025,235.0,Call,Call Buy,3.0,0.01,0.03,-3.03,Close
03/14/2025,03/14/2025,Buy to Close,AAPL,03/14/2025,210.0,Put,Put Buy,1.0,0.05,0.01,-5.01,Close
03/14/2025,03/14/2025,Buy to Close,BLK,03/28/2025,850.0,Put,Put Buy,1.0,3.0,0.26,-300.26,Close
03/14/2025,03/14/2025,Buy to Close,SPY,03/14/2025,535.0,Put,Put Buy,3.0,0.01,0.03,-3.03,Close
03/14/2025,03/14/2025,Sell to Open,EXPE,03/28/2025,172.5,Call,Call Sell,2.0,1.5,0.54,299.46,Close
03/14/2025,03/14/2025,Buy to Open,EXPE,03/28/2025,150.0,Put,Put Buy,2.0,1.65,0.52,-330.52,Close
03/14/2025,03/14/2025,Buy to Close,MCD,03/28/2025,270.0,Put,Put Buy,2.0,0.3,0.52,-60.52,Close
03/14/2025,03/14/2025,Buy to Close,IBIT,03/14/2025,56.0,Call,Call Buy,3.0,0.01,0.03,-3.03,Close
03/14/2025,03/14/2025,Buy to Close,CAT,03/14/2025,335.0,Put,Put Buy,2.0,0.15,0.52,-30.52,Close
03/14/2025,03/14/2025,Buy to Close,CVX,03/14/2025,143.0,Put,Put Buy,1.0,0.01,0.01,-1.01,Close
03/14/2025,03/14/2025,Buy to Close,CVX,03/14/2025,165.0,Call,Call Buy,9.0,0.01,0.1,-9.1,Close
03/14/2025,03/14/2025,Buy to Close,COST,03/14/2025,860.0,Put,Put Buy,1.0,0.02,0.01,-2.01,Close
03/14/2025,03/14/2025,Buy to Close,COST,03/14/2025,840.0,Put,Put Buy,1.0,0.02,0.01,-2.01,Close
03/14/2025,03/14/2025,Buy to Close,ORCL,03/14/2025,130.0,Put,Put Buy,2.0,0.01,0.02,-2.02,Close
03/14/2025,03/14/2025,Sell to Open,NVDA,03/21/2025,131.0,Call,Call Sell,5.0,0.89,1.32,443.68,Close
03/14/2025,03/14/2025,Buy to Close,NVDA,03/21/2025,130.0,Call,Call Buy,5.0,1.05,1.3,-526.3,Close
03/14/2025,03/14/2025,Buy to Close,IVV,03/14/2025,550.0,Put,Put Buy,1.0,0.1,0.26,-10.26,Close
03/14/2025,03/14/2025,Buy to Close,MSFT,03/14/2025,360.0,Put,Put Buy,1.0,0.01,0.01,-1.01,Close
03/14/2025,03/14/2025,Buy to Close,MSFT,03/14/2025,350.0,Put,Put Buy,2.0,0.01,0.02,-2.02,Close
03/14/2025,03/14/2025,Buy to Close,MCD,03/14/2025,290.0,Put,Put Buy,2.0,0.02,0.02,-4.02,Close
03/14/2025,03/14/2025,Buy to Close,IBIT,03/14/2025,48.0,Put,Put Buy,1.0,0.78,0.26,-78.26,Close
03/14/2025,03/14/2025,Buy to Close,DE,03/14/2025,460.0,Put,Put Buy,2.0,0.1,0.52,-20.52,Close
03/14/2025,03/14/2025,Sell to Open,BLK,03/28/2025,850.0,Put,Put Sell,1.0,4.15,0.27,414.73,Close
03/14/2025,03/14/2025,Sell to Open,AAPL,03/28/2025,227.5,Call,Call Sell,3.0,1.01,0.8,302.2,Close
03/14/2025,03/13/2025,Assigned,AAPL,03/14/2025,232.5,Put,Assigned,1.0,0.0,0.0,0.0,Close
03/14/2025,03/13/2025,Buy,AAPL,,0.0,,Stock Buy,100.0,232.5,0.0,-23250.0,Open
03/13/2025,03/13/2025,Sell to Open,WDAY,03/28/2025,260.0,Call,Call Sell,2.0,1.07,0.54,213.46,Close
03/12/2025,03/12/2025,Sell to Open,ORCL,03/28/2025,165.0,Call,Call Sell,3.0,1.14,0.8,341.2,Close
03/12/2025,03/12/2025,Sell to Open,XOM,03/21/2025,115.0,Call,Call Sell,3.0,0.42,0.79,125.21,Close
03/12/2025,03/12/2025,Sell to Open,DE,03/28/2025,405.0,Put,Put Sell,1.0,1.23,0.26,122.74,Close
03/12/2025,03/12/2025,Sell to Open,CVX,03/28/2025,165.0,Call,Call Sell,5.0,0.33,1.31,163.69,Close
03/12/2025,03/12/2025,Sell to Open,COST,03/28/2025,800.0,Put,Put Sell,1.0,1.05,0.26,104.74,Close
03/12/2025,03/12/2025,Sell to Open,AVGO,03/14/2025,185.0,Put,Put Sell,2.0,1.05,0.54,209.46,Close
03/12/2025,03/12/2025,Sell to Open,ORCL,03/28/2025,165.0,Call,Call Sell,3.0,0.6,0.8,179.2,Close
03/12/2025,03/12/2025,Sell to Open,INTC,03/28/2025,24.0,Call,Call Sell,25.0,0.27,6.61,668.39,Close
03/12/2025,03/12/2025,Sell to Open,HD,03/28/2025,395.0,Call,Call Sell,3.0,0.92,0.8,275.2,Close
03/12/2025,03/12/2025,Sell to Open,AVGO,03/28/2025,225.0,Call,Call Sell,5.0,1.36,1.33,678.67,Close
03/12/2025,03/12/2025,Sell to Open,NVDA,03/21/2025,130.0,Call,Call Sell,5.0,1.1,1.33,548.67,Close
03/11/2025,03/11/2025,Sell to Open,AAPL,03/14/2025,210.0,Put,Put Sell,1.0,1.1,0.26,109.74,Close
03/11/2025,03/11/2025,Sell to Open,MCD,03/28/2025,270.0,Put,Put Sell,2.0,0.4,0.53,79.47,Close
03/10/2025,03/10/2025,Buy to Open,NVDA,01/16/2026,107.0,Put,Put Buy,2.0,17.9,0.52,-3580.52,Open
03/10/2025,03/10/2025,Buy,NVDA,,0.0,,Stock Buy,200.0,107.0,0.0,-21400.0,Open
03/10/2025,03/10/2025,Sell to Open,AAPL,03/14/2025,235.0,Call,Call Sell,3.0,1.15,0.8,344.2,Close
03/10/2025,03/10/2025,Sell to Open,COST,03/14/2025,840.0,Put,Put Sell,1.0,0.61,0.26,60.74,Close
03/10/2025,03/10/2025,Buy to Open,AAPL,06/18/2026,225.0,Put,Put Buy,3.0,23.3,0.78,-6990.78,Open
03/10/2025,03/10/2025,Buy,AAPL,,0.0,,Stock Buy,300.0,225.0,0.0,-67500.0,Open
03/10/2025,03/10/2025,Sell to Open,WDAY,03/14/2025,227.5,Put,Put Sell,2.0,0.62,0.53,123.47,Close
03/10/2025,03/10/2025,Sell to Open,CVX,03/14/2025,165.0,Call,Call Sell,9.0,0.21,2.39,186.61,Close
03/10/2025,03/10/2025,Sell to Open,MSFT,03/14/2025,350.0,Put,Put Sell,2.0,0.52,0.53,103.47,Close
03/10/2025,03/10/2025,Sell to Open,RF,03/21/2025,21.0,Put,Put Sell,3.0,0.3,0.79,89.21,Close
03/10/2025,03/10/2025,Buy to Open,ORCL,06/20/2025,150.0,Put,Put Buy,3.0,15.5,0.78,-4650.78,Open
03/10/2025,03/10/2025,Sell to Open,SPY,03/14/2025,535.0,Put,Put Sell,3.0,0.68,0.8,203.2,Close
03/10/2025,03/10/2025,Sell to Open,DE,03/14/2025,460.0,Put,Put Sell,2.0,0.7,0.53,139.47,Close
03/10/2025,03/10/2025,Sell to Close,HD,03/21/2025,360.0,Put,Put Sell,3.0,2.88,0.81,863.19,Close
03/10/2025,03/10/2025,Buy to Open,HD,06/18/2026,380.0,Put,Put Buy,3.0,39.45,0.78,-11835.78,Open
03/10/2025,03/10/2025,Sell to Open,CAT,03/14/2025,335.0,Put,Put Sell,2.0,1.3,0.54,259.46,Close
03/10/2025,03/10/2025,Sell to Open,AVGO,03/14/2025,165.0,Put,Put Sell,2.0,0.68,0.53,135.47,Close
03/10/2025,03/10/2025,Buy to Open,AMD,06/18/2026,130.0,Put,Put Buy,15.0,36.93,3.91,-55398.91,Open
03/10/2025,03/10/2025,Sell to Close,AMD,03/21/2025,115.0,Put,Put Sell,15.0,14.73,4.56,22090.44,Close
03/10/2025,03/10/2025,Qualified Dividend,CVX,,0.0,,Dividend,0.0,0.0,0.0,1539.0,Close
03/10/2025,03/10/2025,Qualified Dividend,XOM,,0.0,,Dividend,0.0,0.0,0.0,297.0,Close
03/10/2025,03/07/2025,Buy,INTC,,0.0,,Stock Buy,4500.0,23.5,0.0,-105750.0,Open
03/10/2025,03/07/2025,Buy,HD,,0.0,,Stock Buy,100.0,380.0,0.0,-38000.0,Open
03/10/2025,03/07/2025,Buy,ORCL,,0.0,,Stock Buy,300.0,160.0,0.0,-48000.0,Open
03/10/2025,03/07/2025,Buy,NVDA,,0.0,,Stock Buy,100.0,115.0,0.0,-11500.0,Open
03/10/2025,03/07/2025,Buy,NVDA,,0.0,,Stock Buy,100.0,116.0,0.0,-11600.0,Open
03/10/2025,03/07/2025,Buy,NVDA,,0.0,,Stock Buy,100.0,118.0,0.0,-11800.0,Open
03/10/2025,03/07/2025,Expired,WDAY,03/07/2025,247.5,Put,Expired,2.0,0.0,0.0,0.0,Close
03/10/2025,03/07/2025,Expired,AAPL,03/07/2025,252.5,Call,Expired,10.0,0.0,0.0,0.0,Close
03/10/2025,03/07/2025,Expired,MSFT,03/07/2025,360.0,Put,Expired,2.0,0.0,0.0,0.0,Close
03/10/2025,03/07/2025,Expired,AVGO,03/07/2025,160.0,Put,Expired,3.0,0.0,0.0,0.0,Close
03/10/2025,03/07/2025,Expired,XOM,03/07/2025,107.0,Put,Expired,2.0,0.0,0.0,0.0,Close
03/10/2025,03/07/2025,Expired,MSFT,03/07/2025,410.0,Call,Expired,-2.0,0.0,0.0,0.0,Close
03/10/2025,03/07/2025,Expired,MSFT,03/07/2025,415.0,Call,Expired,2.0,0.0,0.0,0.0,Close
03/10/2025,03/07/2025,Expired,MSFT,03/07/2025,375.0,Put,Expired,2.0,0.0,0.0,0.0,Close
03/10/2025,03/07/2025,Expired,MCD,03/07/2025,295.0,Put,Expired,2.0,0.0,0.0,0.0,Close
03/10/2025,03/07/2025,Expired,HD,03/07/2025,405.0,Call,Expired,2.0,0.0,0.0,0.0,Close
03/10/2025,03/07/2025,Expired,CAT,03/07/2025,330.0,Put,Expired,1.0,0.0,0.0,0.0,Close
03/10/2025,03/07/2025,Assigned,INTC,03/07/2025,23.5,Put,Assigned,45.0,0.0,0.0,0.0,Close
03/10/2025,03/07/2025,Assigned,HD,03/07/2025,380.0,Put,Assigned,1.0,0.0,0.0,0.0,Close
03/10/2025,03/07/2025,Assigned,ORCL,03/07/2025,160.0,Put,Assigned,3.0,0.0,0.0,0.0,Close
03/10/2025,03/07/2025,Assigned,NVDA,03/07/2025,115.0,Put,Assigned,1.0,0.0,0.0,0.0,Close
03/10/2025,03/07/2025,Assigned,NVDA,03/07/2025,116.0,Put,Assigned,1.0,0.0,0.0,0.0,Close
03/10/2025,03/07/2025,Assigned,NVDA,03/07/2025,118.0,Put,Assigned,1.0,0.0,0.0,0.0,Close
03/07/2025,03/07/2025,Buy to Close,AAPL,03/07/2025,237.5,Put,Put Buy,1.0,0.04,0.01,-4.01,Close
03/07/2025,03/07/2025,Sell to Open,AAPL,03/14/2025,232.5,Put,Put Sell,1.0,1.79,0.26,178.74,Close
03/07/2025,03/07/2025,Sell to Open,MSFT,03/14/2025,360.0,Put,Put Sell,1.0,0.52,0.26,51.74,Close
03/07/2025,03/07/2025,Buy to Close,WDAY,03/07/2025,272.5,Call,Call Buy,2.0,0.1,0.52,-20.52,Close
03/07/2025,03/07/2025,Sell to Open,COST,03/14/2025,860.0,Put,Put Sell,1.0,0.5,0.26,49.74,Close
03/06/2025,03/06/2025,Sell to Open,COST,03/14/2025,900.0,Put,Put Sell,2.0,1.07,0.54,213.46,Close
03/06/2025,03/06/2025,Sell to Open,MSFT,03/14/2025,375.0,Put,Put Sell,2.0,0.93,0.54,185.46,Close
03/06/2025,03/06/2025,Sell to Open,IVV,03/14/2025,550.0,Put,Put Sell,1.0,1.25,0.26,124.74,Close
03/06/2025,03/06/2025,Sell to Open,HD,03/14/2025,350.0,Put,Put Sell,3.0,0.49,0.79,146.21,Close
03/06/2025,03/06/2025,Sell to Open,EXPE,03/14/2025,170.0,Put,Put Sell,2.0,0.41,0.53,81.47,Close
03/06/2025,03/06/2025,Buy to Open,CVX,01/16/2026,150.0,Put,Put Buy,9.0,12.65,2.35,-11387.35,Open
03/06/2025,03/06/2025,Sell to Close,CVX,03/21/2025,150.0,Put,Put Sell,9.0,2.95,2.45,2652.55,Close
03/06/2025,03/06/2025,Sell to Open,ORCL,03/14/2025,130.0,Put,Put Sell,2.0,0.83,0.53,165.47,Close
03/06/2025,03/06/2025,Cash Dividend,AGG,,0.0,,Dividend,0.0,0.0,0.0,60.84,Close
03/06/2025,03/05/2025,Buy to Close,SPXW,03/05/2025,5840.0,Call,Call Buy,1.0,2.63,0.0,-263.0,Close
03/06/2025,03/05/2025,Expired,SPXW,03/05/2025,5705.0,Put,Expired,1.0,0.0,0.0,0.0,Close
03/06/2025,03/05/2025,Expired,SPXW,03/05/2025,5845.0,Call,Expired,-1.0,0.0,0.0,0.0,Close
03/06/2025,03/05/2025,Expired,SPXW,03/05/2025,5700.0,Put,Expired,-1.0,0.0,0.0,0.0,Close
03/05/2025,03/05/2025,Sell to Open,IBIT,03/14/2025,56.0,Call,Call Sell,3.0,0.56,0.79,167.21,Close
03/05/2025,03/05/2025,Sell to Open,IBIT,03/14/2025,48.0,Put,Put Sell,1.0,0.79,0.26,78.74,Close
03/05/2025,03/05/2025,Sell to Open,CVX,03/14/2025,143.0,Put,Put Sell,1.0,0.53,0.26,52.74,Close
03/04/2025,03/04/2025,Buy to Open,SPXW,03/05/2025,5700.0,Put,Put Buy,1.0,8.96,0.82,-896.82,Close
03/04/2025,03/04/2025,Sell to Open,SPXW,03/05/2025,5705.0,Put,Put Sell,1.0,9.84,0.82,983.18,Close
03/04/2025,03/04/2025,Buy to Open,SPXW,03/05/2025,5845.0,Call,Call Buy,1.0,11.11,0.82,-1111.82,Close
03/04/2025,03/04/2025,Sell to Open,SPXW,03/05/2025,5840.0,Call,Call Sell,1.0,12.43,0.82,1242.18,Close
03/04/2025,03/04/2025,Sell,COST,,0.0,,Stock Sell,300.0,1041.41,8.74,312412.91,Open
03/04/2025,03/04/2025,Buy to Close,COST,03/07/2025,1050.0,Call,Call Buy,3.0,19.56,0.78,-5868.78,Close
03/04/2025,03/04/2025,Sell to Close,COST,03/07/2025,1045.0,Put,Put Sell,3.0,24.78,1.0,7433.0,Close
03/03/2025,03/03/2025,Sell to Open,AAPL,03/07/2025,252.5,Call,Call Sell,10.0,0.23,2.65,227.35,Close
03/03/2025,03/03/2025,Sell to Open,MCD,03/14/2025,290.0,Put,Put Sell,2.0,0.52,0.53,103.47,Close
03/03/2025,03/03/2025,Buy to Close,INTC,03/07/2025,22.0,Put,Put Buy,45.0,0.13,11.74,-596.74,Close
03/03/2025,03/03/2025,Sell to Open,INTC,03/07/2025,23.5,Put,Put Sell,45.0,0.51,11.93,2283.07,Close
03/03/2025,03/03/2025,Sell to Close,INTC,03/21/2025,20.0,Put,Put Sell,45.0,0.14,11.89,618.11,Close
03/03/2025,03/03/2025,Buy to Open,INTC,06/18/2026,23.0,Put,Put Buy,45.0,4.55,11.74,-20486.74,Open
03/03/2025,03/03/2025,Sell to Open,AVGO,03/07/2025,160.0,Put,Put Sell,3.0,0.82,0.8,245.2,Close
03/03/2025,03/03/2025,Sell to Open,CAT,03/07/2025,330.0,Put,Put Sell,1.0,1.01,0.26,100.74,Close
03/03/2025,03/03/2025,Sell to Open,AAPL,03/07/2025,237.5,Put,Put Sell,1.0,1.08,0.26,107.74,Close
03/03/2025,02/28/2025,Expired,WDAY,02/28/2025,270.0,Call,Expired,1.0,0.0,0.0,0.0,Close
03/03/2025,02/28/2025,Expired,ORCL,02/28/2025,160.0,Put,Expired,3.0,0.0,0.0,0.0,Close
03/03/2025,02/28/2025,Expired,MSFT,02/28/2025,385.0,Put,Expired,1.0,0.0,0.0,0.0,Close
03/03/2025,02/28/2025,Expired,MCD,02/28/2025,290.0,Put,Expired,2.0,0.0,0.0,0.0,Close
03/03/2025,02/28/2025,Expired,HD,02/28/2025,405.0,Call,Expired,2.0,0.0,0.0,0.0,Close
03/03/2025,02/28/2025,Expired,CAT,02/28/2025,325.0,Put,Expired,1.0,0.0,0.0,0.0,Close
03/03/2025,02/28/2025,Expired,CAT,02/28/2025,335.0,Put,Expired,1.0,0.0,0.0,0.0,Close
03/03/2025,02/28/2025,Expired,BLK,02/28/2025,930.0,Put,Expired,1.0,0.0,0.0,0.0,Close
03/03/2025,02/28/2025,Expired,AVGO,02/28/2025,195.0,Put,Expired,2.0,0.0,0.0,0.0,Close
03/03/2025,02/28/2025,Expired,AAPL,02/28/2025,240.0,Put,Expired,1.0,0.0,0.0,0.0,Close
03/03/2025,02/28/2025,Expired,AAPL,02/28/2025,260.0,Call,Expired,10.0,0.0,0.0,0.0,Close
03/03/2025,02/28/2025,Expired,AAPL,02/28/2025,255.0,Call,Expired,10.0,0.0,0.0,0.0,Close
03/03/2025,02/28/2025,Expired,SPY,02/28/2025,602.0,Call,Expired,2.0,0.0,0.0,0.0,Close
03/03/2025,02/28/2025,Expired,SPY,02/28/2025,605.0,Call,Expired,-2.0,0.0,0.0,0.0,Close
03/03/2025,02/28/2025,Expired,SPY,02/28/2025,590.0,Put,Expired,2.0,0.0,0.0,0.0,Close
03/03/2025,02/28/2025,Expired,SPY,02/28/2025,587.0,Put,Expired,-2.0,0.0,0.0,0.0,Close
03/03/2025,02/28/2025,Assigned,ORCL,02/28/2025,170.0,Put,Assigned,3.0,0.0,0.0,0.0,Close
03/03/2025,02/28/2025,Assigned,AVGO,02/28/2025,207.5,Put,Assigned,1.0,0.0,0.0,0.0,Close
03/03/2025,02/28/2025,Buy,ORCL,,0.0,,Stock Buy,300.0,170.0,0.0,-51000.0,Open
03/03/2025,02/28/2025,Buy,AVGO,,0.0,,Stock Buy,100.0,207.5,0.0,-20750.0,Open
02/28/2025,02/28/2025,Buy to Close,WDAY,02/28/2025,270.0,Call,Call Buy,1.0,0.03,0.01,-3.01,Close
02/28/2025,02/28/2025,Buy to Close,AAPL,03/07/2025,242.5,Call,Call Buy,1.0,2.92,0.26,-292.26,Close
02/28/2025,02/28/2025,Sell to Open,WDAY,03/07/2025,272.5,Call,Call Sell,2.0,1.42,0.54,283.46,Close
02/28/2025,02/28/2025,Sell to Open,MSFT,03/07/2025,360.0,Put,Put Sell,2.0,0.41,0.53,81.47,Close
02/28/2025,02/28/2025,Sell to Open,HD,03/07/2025,405.0,Call,Call Sell,2.0,1.45,0.54,289.46,Close
02/28/2025,02/28/2025,Sell to Open,AAPL,03/07/2025,242.5,Call,Call Sell,1.0,1.4,0.26,139.74,Close
02/27/2025,02/27/2025,Credit Interest,,,0.0,,Interest,0.0,0.0,0.0,21.2,Open
02/27/2025,02/27/2025,Margin Interest,,,0.0,,Interest,0.0,0.0,0.0,-18.1,Open
02/27/2025,02/27/2025,Sell to Open,MSFT,03/07/2025,375.0,Put,Put Sell,2.0,1.07,0.54,213.46,Close
02/27/2025,02/27/2025,Buy to Close,WDAY,02/28/2025,257.5,Put,Put Buy,2.0,0.55,0.52,-110.52,Close
02/27/2025,02/27/2025,Sell to Close,NKE,07/18/2025,70.0,Put,Put Sell,10.0,2.45,2.71,2447.29,Open
02/27/2025,02/27/2025,Buy to Close,NKE,02/28/2025,73.0,Put,Put Buy,10.0,0.02,0.11,-20.11,Close
02/27/2025,02/27/2025,Sell to Open,NVDA,03/07/2025,116.0,Put,Put Sell,1.0,0.85,0.26,84.74,Close
02/27/2025,02/27/2025,Sell to Open,NVDA,03/07/2025,118.0,Put,Put Sell,1.0,1.2,0.26,119.74,Close
02/27/2025,02/27/2025,Sell to Open,NVDA,03/07/2025,115.0,Put,Put Sell,1.0,0.74,0.26,73.74,Close
02/27/2025,02/27/2025,Sell to Open,ORCL,03/07/2025,160.0,Put,Put Sell,3.0,0.65,0.8,194.2,Close
02/27/2025,02/27/2025,Buy to Open,SPY,02/28/2025,587.0,Put,Put Buy,2.0,0.85,0.52,-170.52,Close
02/27/2025,02/27/2025,Sell to Open,SPY,02/28/2025,590.0,Put,Put Sell,2.0,1.44,0.54,287.46,Close
02/27/2025,02/27/2025,Buy to Open,SPY,02/28/2025,605.0,Call,Call Buy,2.0,0.27,0.52,-54.52,Close
02/27/2025,02/27/2025,Sell to Open,SPY,02/28/2025,602.0,Call,Call Sell,2.0,0.73,0.53,145.47,Close
02/27/2025,02/27/2025,Sell to Open,WDAY,03/07/2025,247.5,Put,Put Sell,2.0,0.75,0.53,149.47,Close
02/27/2025,02/27/2025,Sell to Open,XOM,03/07/2025,107.0,Put,Put Sell,2.0,0.52,0.53,103.47,Close
02/26/2025,02/26/2025,Sell to Open,MCD,03/07/2025,295.0,Put,Put Sell,2.0,0.94,0.54,187.46,Close
02/26/2025,02/26/2025,Buy to Close,WDAY,02/28/2025,220.0,Put,Put Buy,2.0,0.02,0.02,-4.02,Close
02/26/2025,02/26/2025,Buy to Close,HD,02/28/2025,350.0,Put,Put Buy,1.0,0.01,0.01,-1.01,Close
02/26/2025,02/26/2025,Sell to Open,HD,03/07/2025,380.0,Put,Put Sell,1.0,1.17,0.26,116.74,Close
02/26/2025,02/26/2025,Sell to Open,WDAY,02/28/2025,257.5,Put,Put Sell,2.0,0.9,0.54,179.46,Close
02/25/2025,02/25/2025,Sell to Open,HD,02/28/2025,405.0,Call,Call Sell,2.0,2.59,0.54,517.46,Close
02/25/2025,02/25/2025,Sell to Close,GOOGL,03/21/2025,180.0,Put,Put Sell,20.0,6.75,5.66,13494.34,Close
02/25/2025,02/25/2025,Sell,GOOGL,,0.0,,Stock Sell,1000.0,176.8,5.09,176794.91,Open
02/25/2025,02/25/2025,Buy to Close,GOOGL,03/21/2025,200.0,Put,Put Buy,10.0,23.3,2.61,-23302.61,Close
02/25/2025,02/25/2025,Buy to Close,GOOGL,02/28/2025,185.0,Call,Call Buy,10.0,0.19,2.61,-192.61,Close
02/25/2025,02/25/2025,Sell to Open,AVGO,02/28/2025,195.0,Put,Put Sell,2.0,1.89,0.54,377.46,Close
02/25/2025,02/25/2025,Buy to Close,HD,02/28/2025,380.0,Put,Put Buy,1.0,0.6,0.26,-60.26,Close
02/25/2025,02/25/2025,Sell to Open,HD,02/28/2025,380.0,Put,Put Sell,1.0,1.4,0.26,139.74,Close
02/24/2025,02/24/2025,Sell to Open,GOOGL,02/28/2025,185.0,Call,Call Sell,10.0,0.85,2.66,847.34,Close
02/24/2025,02/24/2025,Sell to Open,MSFT,02/28/2025,385.0,Put,Put Sell,1.0,0.61,0.26,60.74,Close
02/24/2025,02/21/2025,Expired,ORCL,02/21/2025,167.5,Put,Expired,3.0,0.0,0.0,0.0,Close
02/24/2025,02/21/2025,Expired,INTC,02/21/2025,21.5,Put,Expired,25.0,0.0,0.0,0.0,Close
02/24/2025,02/21/2025,Expired,AVGO,02/21/2025,217.5,Put,Expired,1.0,0.0,0.0,0.0,Close
02/24/2025,02/21/2025,Expired,GBTC,02/21/2025,66.0,Put,Expired,2.0,0.0,0.0,0.0,Close
02/24/2025,02/21/2025,Expired,ISRG,02/21/2025,565.0,Put,Expired,2.0,0.0,0.0,0.0,Close
02/24/2025,02/21/2025,Expired,CMI,02/21/2025,320.0,Put,Expired,2.0,0.0,0.0,0.0,Close
02/24/2025,02/21/2025,Expired,IBIT,02/21/2025,54.0,Put,Expired,1.0,0.0,0.0,0.0,Close
02/24/2025,02/21/2025,Expired,MCD,02/21/2025,300.0,Put,Expired,1.0,0.0,0.0,0.0,Close
02/24/2025,02/21/2025,Expired,BLK,02/21/2025,950.0,Put,Expired,2.0,0.0,0.0,0.0,Close
02/24/2025,02/21/2025,Expired,INTC,02/21/2025,22.0,Put,Expired,20.0,0.0,0.0,0.0,Close
02/24/2025,02/21/2025,Expired,AAPL,02/21/2025,235.0,Put,Expired,1.0,0.0,0.0,0.0,Close
02/24/2025,02/21/2025,Expired,MSFT,02/21/2025,405.0,Put,Expired,5.0,0.0,0.0,0.0,Close
02/24/2025,02/21/2025,Expired,MSFT,02/21/2025,395.0,Put,Expired,5.0,0.0,0.0,0.0,Close
02/24/2025,02/21/2025,Expired,MSFT,02/21/2025,390.0,Put,Expired,2.0,0.0,0.0,0.0,Close
02/24/2025,02/21/2025,Expired,GOOGL,02/21/2025,190.0,Call,Expired,1.0,0.0,0.0,0.0,Close
02/24/2025,02/21/2025,Expired,VGT,02/21/2025,570.0,Put,Expired,3.0,0.0,0.0,0.0,Close
02/24/2025,02/21/2025,Expired,CAT,02/21/2025,370.0,Call,Expired,4.0,0.0,0.0,0.0,Close
02/24/2025,02/21/2025,Assigned,HD,02/21/2025,390.0,Put,Assigned,2.0,0.0,0.0,0.0,Close
02/24/2025,02/21/2025,Assigned,GOOGL,02/21/2025,182.5,Put,Assigned,9.0,0.0,0.0,0.0,Close
02/24/2025,02/21/2025,Buy,HD,,0.0,,Stock Buy,200.0,390.0,0.0,-78000.0,Open
02/24/2025,02/21/2025,Buy,GOOGL,,0.0,,Stock Buy,900.0,182.5,0.0,-164250.0,Open
02/21/2025,02/21/2025,Sell to Open,HD,02/28/2025,350.0,Put,Put Sell,1.0,1.05,0.26,104.74,Close
02/21/2025,02/21/2025,Sell to Open,ORCL,02/28/2025,160.0,Put,Put Sell,3.0,0.65,0.8,194.2,Close
02/21/2025,02/21/2025,Sell to Open,BLK,02/28/2025,930.0,Put,Put Sell,1.0,1.4,0.26,139.74,Close
02/21/2025,02/21/2025,Sell to Open,WDAY,02/28/2025,220.0,Put,Put Sell,2.0,1.1,0.54,219.46,Close
02/21/2025,02/21/2025,Buy to Close,WDAY,02/21/2025,250.0,Put,Put Buy,2.0,0.15,0.52,-30.52,Close
02/21/2025,02/21/2025,Sell to Open,WDAY,02/28/2025,270.0,Call,Call Sell,2.0,7.4,0.57,1479.43,Close
02/21/2025,02/21/2025,Buy to Close,WDAY,02/21/2025,262.5,Call,Call Buy,2.0,0.1,0.52,-20.52,Close
02/21/2025,02/21/2025,Sell to Open,CAT,02/28/2025,325.0,Put,Put Sell,1.0,0.45,0.26,44.74,Close
02/20/2025,02/20/2025,Sell to Close,CF,02/21/2025,79.0,Put,Put Sell,1.0,0.35,0.26,34.74,Close
02/20/2025,02/20/2025,Buy to Close,CF,02/21/2025,84.0,Put,Put Buy,1.0,3.78,0.26,-378.26,Close
02/20/2025,02/20/2025,Sell to Close,CF,02/21/2025,99.0,Call,Call Sell,1.0,0.52,0.26,51.74,Close
02/20/2025,02/20/2025,Buy to Close,CF,02/21/2025,94.0,Call,Call Buy,1.0,0.59,0.26,-59.26,Close
02/20/2025,02/20/2025,Sell to Open,AAPL,02/28/2025,240.0,Put,Put Sell,1.0,1.1,0.26,109.74,Close
02/20/2025,02/20/2025,Sell to Close,VIX,06/18/2025,16.0,Call,Call Sell,10.0,3.9,6.81,3893.19,Open
02/20/2025,02/20/2025,Sell to Open,INTC,03/07/2025,22.0,Put,Put Sell,45.0,0.23,11.9,1023.1,Close
02/19/2025,02/19/2025,Sell to Open,MSFT,02/21/2025,405.0,Put,Put Sell,5.0,0.87,1.32,433.68,Close
02/19/2025,02/19/2025,Sell to Open,CAT,02/28/2025,335.0,Put,Put Sell,1.0,1.02,0.26,101.74,Close
02/19/2025,02/19/2025,Sell to Open,GBTC,03/21/2025,68.0,Put,Put Sell,2.0,1.15,0.54,229.46,Close
02/19/2025,02/19/2025,Sell to Open,MCD,02/28/2025,290.0,Put,Put Sell,2.0,0.45,0.53,89.47,Close
02/19/2025,02/19/2025,Sell to Open,AVGO,02/28/2025,207.5,Put,Put Sell,1.0,1.24,0.26,123.74,Close
02/18/2025,02/18/2025,Reinvest Dividend,SGUXX,,0.0,,Dividend,0.0,0.0,0.0,10167.38,Close
02/18/2025,02/18/2025,Reinvest Shares,SGUXX,,0.0,,Reinvest Shares,10167.38,1.0,0.0,-10167.38,Open
02/18/2025,02/18/2025,Sell,META,,0.0,,Stock Sell,700.0,713.79,14.01,499638.99,Open
02/18/2025,02/18/2025,Sell to Close,META,03/07/2025,750.0,Put,Put Sell,7.0,40.23,2.63,28158.37,Close
02/18/2025,02/18/2025,Buy to Close,META,03/07/2025,745.0,Call,Call Buy,7.0,6.72,1.83,-4705.83,Close
02/18/2025,02/18/2025,Sell to Open,AAPL,02/28/2025,260.0,Call,Call Sell,10.0,0.26,2.65,257.35,Close
02/18/2025,02/18/2025,Sell to Open,ORCL,02/28/2025,170.0,Put,Put Sell,3.0,0.67,0.8,200.2,Close
02/18/2025,02/18/2025,Sell to Open,AAPL,02/28/2025,255.0,Call,Call Sell,10.0,0.66,2.66,657.34,Close
02/18/2025,02/18/2025,Sell to Open,NKE,02/28/2025,73.0,Put,Put Sell,10.0,0.37,2.65,367.35,Close
02/18/2025,02/18/2025,Sell to Open,CAT,02/21/2025,370.0,Call,Call Sell,4.0,0.27,1.05,106.95,Close
02/18/2025,02/18/2025,Sell to Open,MCD,02/21/2025,300.0,Put,Put Sell,1.0,0.5,0.26,49.74,Close
02/18/2025,02/18/2025,Sell to Open,GOOGL,02/21/2025,190.0,Call,Call Sell,1.0,0.43,0.26,42.74,Close
02/18/2025,02/18/2025,Sell to Open,HD,02/21/2025,390.0,Put,Put Sell,2.0,0.49,0.53,97.47,Close
02/18/2025,02/18/2025,Sell to Open,GOOGL,02/21/2025,182.5,Put,Put Sell,9.0,1.12,2.41,1005.59,Close
02/18/2025,02/18/2025,Sell to Open,WDAY,02/21/2025,262.5,Call,Call Sell,2.0,2.12,0.54,423.46,Close
02/18/2025,02/18/2025,Sell,NVDA,,0.0,,Stock Sell,300.0,142.0,1.23,42598.77,Open
02/18/2025,02/14/2025,Sell,AAPL,,0.0,,Stock Sell,100.0,235.0,0.67,23499.33,Open
02/18/2025,02/14/2025,Sell,INTC,,0.0,,Stock Sell,4500.0,22.0,3.5,98996.5,Open
02/18/2025,02/14/2025,Sell,NKE,,0.0,,Stock Sell,1000.0,73.0,2.2,72997.8,Open
02/18/2025,02/14/2025,Buy,TOL,,0.0,,Stock Buy,100.0,128.0,0.0,-12800.0,Open
02/18/2025,02/14/2025,Buy,CAT,,0.0,,Stock Buy,100.0,355.0,0.0,-35500.0,Open
02/18/2025,02/14/2025,Buy,WDAY,,0.0,,Stock Buy,200.0,260.0,0.0,-52000.0,Open
02/18/2025,02/14/2025,Expired,AAPL,02/14/2025,252.5,Call,Expired,10.0,0.0,0.0,0.0,Close
02/18/2025,02/14/2025,Expired,XOM,02/14/2025,113.0,Call,Expired,3.0,0.0,0.0,0.0,Close
02/18/2025,02/14/2025,Expired,XLK,02/14/2025,215.0,Put,Expired,2.0,0.0,0.0,0.0,Close
02/18/2025,02/14/2025,Expired,WDAY,02/14/2025,250.0,Put,Expired,2.0,0.0,0.0,0.0,Close
02/18/2025,02/14/2025,Expired,WDAY,02/14/2025,240.0,Put,Expired,2.0,0.0,0.0,0.0,Close
02/18/2025,02/14/2025,Expired,ORCL,02/14/2025,165.0,Put,Expired,3.0,0.0,0.0,0.0,Close
02/18/2025,02/14/2025,Expired,MSFT,02/14/2025,405.0,Put,Expired,1.0,0.0,0.0,0.0,Close
02/18/2025,02/14/2025,Expired,MCD,02/14/2025,295.0,Put,Expired,1.0,0.0,0.0,0.0,Close
02/18/2025,02/14/2025,Expired,HD,02/14/2025,400.0,Put,Expired,1.0,0.0,0.0,0.0,Close
02/18/2025,02/14/2025,Expired,HD,02/14/2025,390.0,Put,Expired,1.0,0.0,0.0,0.0,Close
02/18/2025,02/14/2025,Expired,HD,02/14/2025,395.0,Put,Expired,1.0,0.0,0.0,0.0,Close
02/18/2025,02/14/2025,Expired,GOOGL,02/14/2025,185.0,Put,Expired,4.0,0.0,0.0,0.0,Close
02/18/2025,02/14/2025,Expired,CAT,02/14/2025,380.0,Call,Expired,3.0,0.0,0.0,0.0,Close
02/18/2025,02/14/2025,Expired,BLK,02/14/2025,890.0,Put,Expired,1.0,0.0,0.0,0.0,Close
02/18/2025,02/14/2025,Expired,BLK,02/14/2025,940.0,Put,Expired,1.0,0.0,0.0,0.0,Close
02/18/2025,02/14/2025,Expired,BLK,02/14/2025,960.0,Put,Expired,2.0,0.0,0.0,0.0,Close
02/18/2025,02/14/2025,Expired,BLK,02/14/2025,970.0,Put,Expired,1.0,0.0,0.0,0.0,Close
02/18/2025,02/14/2025,Assigned,AAPL,02/14/2025,235.0,Call,Assigned,1.0,0.0,0.0,0.0,Close
02/18/2025,02/14/2025,Assigned,INTC,02/14/2025,22.0,Call,Assigned,45.0,0.0,0.0,0.0,Close
02/18/2025,02/14/2025,Assigned,NKE,02/14/2025,73.0,Call,Assigned,10.0,0.0,0.0,0.0,Close
02/18/2025,02/14/2025,Assigned,TOL,02/14/2025,128.0,Put,Assigned,1.0,0.0,0.0,0.0,Close
02/18/2025,02/14/2025,Assigned,CAT,02/14/2025,355.0,Put,Assigned,1.0,0.0,0.0,0.0,Close
02/18/2025,02/14/2025,Assigned,WDAY,02/14/2025,260.0,Put,Assigned,2.0,0.0,0.0,0.0,Close
02/14/2025,02/14/2025,Sell to Open,WDAY,02/21/2025,250.0,Put,Put Sell,2.0,0.75,0.53,149.47,Close
02/14/2025,02/14/2025,Sell to Close,QCOM,04/17/2025,145.0,Put,Put Sell,10.0,0.85,2.66,847.34,Open
02/14/2025,02/14/2025,Sell to Close,QCOM,04/17/2025,140.0,Put,Put Sell,3.0,0.55,0.79,164.21,Open
02/14/2025,02/14/2025,Sell,QCOM,,0.0,,Stock Sell,200.0,171.5,0.98,34299.02,Open
02/14/2025,02/14/2025,Buy to Close,QCOM,02/21/2025,175.0,Call,Call Buy,2.0,1.01,0.52,-202.52,Close
02/14/2025,02/14/2025,Buy to Close,QCOM,02/21/2025,170.0,Put,Put Buy,11.0,1.64,2.87,-1806.87,Close
02/14/2025,02/14/2025,Buy to Close,QCOM,02/14/2025,175.0,Call,Call Buy,2.0,0.01,0.02,-2.02,Close
02/14/2025,02/14/2025,Buy to Close,QCOM,02/14/2025,162.5,Put,Put Buy,5.0,0.02,0.05,-10.05,Close
02/14/2025,02/14/2025,Buy to Close,QCOM,02/14/2025,165.0,Put,Put Buy,6.0,0.02,0.07,-12.07,Close
02/14/2025,02/14/2025,Sell to Open,QCOM,02/21/2025,170.0,Put,Put Sell,11.0,1.78,2.95,1955.05,Close
02/14/2025,02/14/2025,Sell to Open,QCOM,02/21/2025,175.0,Call,Call Sell,2.0,0.97,0.54,193.46,Close
02/14/2025,02/14/2025,Buy to Close,GOOGL,02/14/2025,180.0,Put,Put Buy,5.0,0.02,0.05,-10.05,Close
02/14/2025,02/14/2025,Buy to Close,GOOGL,02/14/2025,192.5,Call,Call Buy,1.0,0.01,0.01,-1.01,Close
02/14/2025,02/14/2025,Buy to Close,AVGO,02/14/2025,220.0,Put,Put Buy,1.0,0.02,0.01,-2.01,Close
02/14/2025,02/14/2025,Buy to Close,AVGO,02/14/2025,210.0,Put,Put Buy,1.0,0.01,0.01,-1.01,Close
02/14/2025,02/14/2025,Sell to Open,ORCL,02/21/2025,167.5,Put,Put Sell,3.0,0.56,0.79,167.21,Close
02/14/2025,02/14/2025,Sell to Open,ISRG,02/21/2025,565.0,Put,Put Sell,2.0,0.6,0.53,119.47,Close
02/14/2025,02/14/2025,Buy,COST,,0.0,,Stock Buy,300.0,1071.37,0.0,-321411.0,Open
02/14/2025,02/14/2025,Sell to Open,COST,03/07/2025,1050.0,Call,Call Sell,3.0,41.55,1.14,12463.86,Close
02/14/2025,02/14/2025,Buy to Open,COST,03/07/2025,1045.0,Put,Put Buy,3.0,16.08,0.78,-4824.78,Close
02/14/2025,02/14/2025,Sell to Open,VGT,03/21/2025,550.0,Put,Put Sell,3.0,1.2,0.8,359.2,Close
02/14/2025,02/14/2025,Buy,META,,0.0,,Stock Buy,700.0,736.68,0.0,-515676.0,Open
02/14/2025,02/14/2025,Buy to Open,META,03/07/2025,750.0,Put,Put Buy,7.0,25.46,1.83,-17823.83,Close
02/14/2025,02/14/2025,Sell to Open,META,03/07/2025,745.0,Call,Call Sell,7.0,15.8,2.16,11057.84,Close
02/14/2025,02/14/2025,Sell to Open,BLK,02/21/2025,950.0,Put,Put Sell,2.0,2.32,0.54,463.46,Close
02/14/2025,02/14/2025,Sell to Open,MSFT,02/21/2025,395.0,Put,Put Sell,5.0,0.95,1.32,473.68,Close
02/14/2025,02/14/2025,Sell to Open,IYF,03/21/2025,116.0,Put,Put Sell,1.0,1.07,0.26,106.74,Close
02/14/2025,02/14/2025,Sell to Open,IBIT,02/21/2025,54.0,Put,Put Sell,1.0,0.69,0.26,68.74,Close
02/14/2025,02/14/2025,Sell to Open,INTC,02/21/2025,21.5,Put,Put Sell,25.0,0.23,6.61,563.39,Close
02/14/2025,02/14/2025,Sell to Open,CMI,03/21/2025,320.0,Put,Put Sell,2.0,0.82,0.53,163.47,Close
02/13/2025,02/13/2025,Sell to Open,AVGO,02/21/2025,217.5,Put,Put Sell,1.0,1.0,0.26,99.74,Close
02/13/2025,02/13/2025,Sell to Open,MSFT,02/21/2025,390.0,Put,Put Sell,2.0,0.6,0.53,119.47,Close
02/13/2025,02/13/2025,Sell to Open,INTC,02/21/2025,22.0,Put,Put Sell,20.0,0.18,5.29,354.71,Close
02/13/2025,02/13/2025,Buy to Close,AVGO,02/14/2025,240.0,Call,Call Buy,2.0,0.4,0.52,-80.52,Close
02/13/2025,02/13/2025,Sell to Open,AAPL,02/21/2025,235.0,Put,Put Sell,1.0,1.72,0.26,171.74,Close
02/13/2025,02/13/2025,Qualified Dividend,AAPL,,0.0,,Dividend,0.0,0.0,0.0,525.0,Close
02/12/2025,02/12/2025,Buy to Open,TOL,03/21/2025,120.0,Put,Put Buy,1.0,5.7,0.26,-570.26,Close
02/12/2025,02/12/2025,Buy to Close,CVX,02/14/2025,160.0,Call,Call Buy,9.0,0.1,2.35,-92.35,Close
02/11/2025,02/11/2025,Buy to Open,AAPL,04/17/2025,230.0,Put,Put Buy,1.0,6.3,0.26,-630.26,Open
02/11/2025,02/11/2025,Buy to Open,CF,02/21/2025,79.0,Put,Put Buy,1.0,0.61,0.26,-61.26,Close
02/11/2025,02/11/2025,Sell to Open,CF,02/21/2025,84.0,Put,Put Sell,1.0,1.78,0.26,177.74,Close
02/11/2025,02/11/2025,Buy to Open,CF,02/21/2025,99.0,Call,Call Buy,1.0,0.17,0.26,-17.26,Close
02/11/2025,02/11/2025,Sell to Open,CF,02/21/2025,94.0,Call,Call Sell,1.0,0.53,0.26,52.74,Close
02/11/2025,02/11/2025,Sell to Open,BLK,02/14/2025,970.0,Put,Put Sell,1.0,5.5,0.28,549.72,Close
02/11/2025,02/11/2025,Sell to Open,AAPL,02/14/2025,235.0,Call,Call Sell,1.0,0.73,0.26,72.74,Close
02/11/2025,02/11/2025,Sell to Open,WDAY,02/14/2025,250.0,Put,Put Sell,2.0,0.45,0.53,89.47,Close
02/10/2025,02/10/2025,Buy to Close,AVGO,02/14/2025,240.0,Call,Call Buy,2.0,2.0,0.52,-400.52,Close
02/10/2025,02/10/2025,Sell to Open,MCD,02/14/2025,295.0,Put,Put Sell,1.0,0.32,0.26,31.74,Close
02/10/2025,02/10/2025,Sell to Open,QCOM,02/14/2025,162.5,Put,Put Sell,5.0,0.36,1.32,178.68,Close
02/10/2025,02/10/2025,Sell to Open,AVGO,02/14/2025,240.0,Call,Call Sell,4.0,2.27,1.08,906.92,Close
02/10/2025,02/10/2025,Sell to Open,AVGO,02/14/2025,220.0,Put,Put Sell,1.0,0.9,0.26,89.74,Close
02/10/2025,02/10/2025,Sell to Open,HD,02/14/2025,400.0,Put,Put Sell,1.0,1.05,0.26,104.74,Close
02/10/2025,02/10/2025,Buy to Open,NKE,07/18/2025,70.0,Put,Put Buy,10.0,5.63,2.61,-5632.61,Open
02/10/2025,02/10/2025,Sell to Open,NKE,02/14/2025,73.0,Call,Call Sell,10.0,0.31,2.65,307.35,Close
02/10/2025,02/10/2025,Sell to Open,GOOGL,02/14/2025,185.0,Put,Put Sell,4.0,1.12,1.06,446.94,Close
02/10/2025,02/10/2025,Sell to Open,CAT,02/14/2025,380.0,Call,Call Sell,3.0,0.53,0.79,158.21,Close
02/10/2025,02/10/2025,Sell to Open,GOOGL,02/14/2025,192.5,Call,Call Sell,1.0,0.46,0.26,45.74,Close
02/10/2025,02/10/2025,Sell to Open,BLK,02/14/2025,940.0,Put,Put Sell,1.0,0.76,0.26,75.74,Close
02/10/2025,02/10/2025,Sell to Open,QCOM,02/14/2025,165.0,Put,Put Sell,6.0,0.83,1.6,496.4,Close
02/10/2025,02/10/2025,Sell,MCD,,0.0,,Stock Sell,100.0,297.25,0.85,29724.16,Open
02/10/2025,02/10/2025,Sell,BLK,,0.0,,Stock Sell,288.0,996.0,8.02,286840.08,Open
02/10/2025,02/10/2025,Sell,BLK,,0.0,,Stock Sell,12.0,997.03,0.33,11964.06,Open
02/10/2025,02/07/2025,Buy,AAPL,,0.0,,Stock Buy,100.0,235.0,0.0,-23500.0,Open
02/10/2025,02/07/2025,Buy,TOL,,0.0,,Stock Buy,100.0,127.0,0.0,-12700.0,Open
02/10/2025,02/07/2025,Buy,CAT,,0.0,,Stock Buy,100.0,365.0,0.0,-36500.0,Open
02/10/2025,02/07/2025,Buy,CAT,,0.0,,Stock Buy,100.0,375.0,0.0,-37500.0,Open
02/10/2025,02/07/2025,Buy,NKE,,0.0,,Stock Buy,500.0,71.0,0.0,-35500.0,Open
02/10/2025,02/07/2025,Buy,NKE,,0.0,,Stock Buy,500.0,73.0,0.0,-36500.0,Open
02/10/2025,02/07/2025,Buy,BLK,,0.0,,Stock Buy,300.0,995.0,0.0,-298500.0,Open
02/10/2025,02/07/2025,Expired,NVDA,02/07/2025,108.0,Put,Expired,2.0,0.0,0.0,0.0,Close
02/10/2025,02/07/2025,Expired,QCOM,02/07/2025,152.5,Put,Expired,5.0,0.0,0.0,0.0,Close
02/10/2025,02/07/2025,Expired,QCOM,02/07/2025,172.5,Call,Expired,2.0,0.0,0.0,0.0,Close
02/10/2025,02/07/2025,Expired,QCOM,02/07/2025,162.5,Put,Expired,6.0,0.0,0.0,0.0,Close
02/10/2025,02/07/2025,Expired,ORCL,02/07/2025,162.5,Put,Expired,3.0,0.0,0.0,0.0,Close
02/10/2025,02/07/2025,Expired,GOOGL,02/07/2025,192.5,Call,Expired,1.0,0.0,0.0,0.0,Close
02/10/2025,02/07/2025,Expired,AMD,02/07/2025,131.0,Call,Expired,5.0,0.0,0.0,0.0,Close
02/10/2025,02/07/2025,Expired,NVDA,02/07/2025,100.0,Put,Expired,2.0,0.0,0.0,0.0,Close
02/10/2025,02/07/2025,Expired,XOM,02/07/2025,105.0,Put,Expired,1.0,0.0,0.0,0.0,Close
02/10/2025,02/07/2025,Expired,WDAY,02/07/2025,255.0,Put,Expired,4.0,0.0,0.0,0.0,Close
02/10/2025,02/07/2025,Expired,ORCL,02/07/2025,150.0,Put,Expired,1.0,0.0,0.0,0.0,Close
02/10/2025,02/07/2025,Expired,ORCL,02/07/2025,170.0,Put,Expired,3.0,0.0,0.0,0.0,Close
02/10/2025,02/07/2025,Expired,ORCL,02/07/2025,160.0,Put,Expired,3.0,0.0,0.0,0.0,Close
02/10/2025,02/07/2025,Expired,MSFT,02/07/2025,380.0,Put,Expired,3.0,0.0,0.0,0.0,Close
02/10/2025,02/07/2025,Expired,MSFT,02/07/2025,390.0,Put,Expired,5.0,0.0,0.0,0.0,Close
02/10/2025,02/07/2025,Expired,MCD,02/07/2025,275.0,Put,Expired,1.0,0.0,0.0,0.0,Close
02/10/2025,02/07/2025,Expired,HD,02/07/2025,395.0,Put,Expired,2.0,0.0,0.0,0.0,Close
02/10/2025,02/07/2025,Expired,HD,02/07/2025,400.0,Put,Expired,1.0,0.0,0.0,0.0,Close
02/10/2025,02/07/2025,Expired,HD,02/07/2025,385.0,Put,Expired,2.0,0.0,0.0,0.0,Close
02/10/2025,02/07/2025,Expired,GOOGL,02/07/2025,185.0,Put,Expired,4.0,0.0,0.0,0.0,Close
02/10/2025,02/07/2025,Expired,CVX,02/07/2025,147.0,Put,Expired,1.0,0.0,0.0,0.0,Close
02/10/2025,02/07/2025,Expired,AMD,02/07/2025,130.0,Call,Expired,5.0,0.0,0.0,0.0,Close
02/10/2025,02/07/2025,Assigned,AAPL,02/07/2025,235.0,Put,Assigned,1.0,0.0,0.0,0.0,Close
02/10/2025,02/07/2025,Assigned,TOL,02/07/2025,127.0,Put,Assigned,1.0,0.0,0.0,0.0,Close
02/10/2025,02/07/2025,Assigned,CAT,02/07/2025,365.0,Put,Assigned,1.0,0.0,0.0,0.0,Close
02/10/2025,02/07/2025,Assigned,CAT,02/07/2025,375.0,Put,Assigned,1.0,0.0,0.0,0.0,Close
02/10/2025,02/07/2025,Assigned,NKE,02/07/2025,71.0,Put,Assigned,5.0,0.0,0.0,0.0,Close
02/10/2025,02/07/2025,Assigned,NKE,02/07/2025,73.0,Put,Assigned,5.0,0.0,0.0,0.0,Close
02/10/2025,02/07/2025,Assigned,BLK,02/07/2025,995.0,Put,Assigned,3.0,0.0,0.0,0.0,Close
02/07/2025,02/07/2025,Sell to Open,QCOM,02/14/2025,175.0,Call,Call Sell,2.0,0.66,0.53,131.47,Close
02/07/2025,02/07/2025,Sell to Open,MSFT,02/14/2025,405.0,Put,Put Sell,1.0,2.84,0.27,283.73,Close
02/07/2025,02/07/2025,Buy to Close,MSFT,02/07/2025,410.0,Put,Put Buy,1.0,0.1,0.26,-10.26,Close
02/07/2025,02/07/2025,Sell to Open,HD,02/14/2025,390.0,Put,Put Sell,1.0,1.02,0.26,101.74,Close
02/07/2025,02/07/2025,Buy to Close,AVGO,02/07/2025,180.0,Put,Put Buy,1.0,0.01,0.01,-1.01,Close
02/07/2025,02/07/2025,Buy to Close,AVGO,02/07/2025,200.0,Put,Put Buy,1.0,0.01,0.01,-1.01,Close
02/07/2025,02/07/2025,Sell to Open,WDAY,02/14/2025,260.0,Put,Put Sell,2.0,1.0,0.54,199.46,Close
02/07/2025,02/07/2025,Sell to Open,HD,02/14/2025,395.0,Put,Put Sell,1.0,1.47,0.26,146.74,Close
02/07/2025,02/07/2025,Buy to Close,AVGO,02/07/2025,215.0,Put,Put Buy,1.0,0.03,0.01,-3.01,Close
02/07/2025,02/07/2025,Sell to Open,AVGO,02/14/2025,210.0,Put,Put Sell,1.0,0.95,0.26,94.74,Close
02/07/2025,02/07/2025,Sell to Open,GOOGL,02/14/2025,180.0,Put,Put Sell,5.0,0.75,1.32,373.68,Close
02/07/2025,02/07/2025,Buy to Close,CAT,02/07/2025,355.0,Put,Put Buy,2.0,0.05,0.02,-10.02,Close
02/07/2025,02/07/2025,Sell to Open,CAT,02/14/2025,355.0,Put,Put Sell,1.0,1.45,0.26,144.74,Close
02/06/2025,02/06/2025,Sell to Open,BLK,02/14/2025,960.0,Put,Put Sell,2.0,1.12,0.54,223.46,Close
02/06/2025,02/06/2025,Sell to Open,QCOM,02/07/2025,172.5,Call,Call Sell,2.0,0.37,0.53,73.47,Close
02/06/2025,02/06/2025,Sell to Open,TOL,02/14/2025,128.0,Put,Put Sell,1.0,0.65,0.26,64.74,Close
02/06/2025,02/06/2025,Sell to Open,ORCL,02/14/2025,165.0,Put,Put Sell,3.0,0.62,0.8,185.2,Close
02/06/2025,02/06/2025,Sell to Open,AAPL,02/14/2025,252.5,Call,Call Sell,10.0,0.1,2.64,97.36,Close
02/06/2025,02/06/2025,Sell to Open,QCOM,02/07/2025,162.5,Put,Put Sell,6.0,0.66,1.6,394.4,Close
02/06/2025,02/06/2025,Sell to Close,HON,02/07/2025,225.0,Put,Put Sell,1.0,12.15,0.29,1214.71,Close
02/06/2025,02/06/2025,Sell,HON,,0.0,,Stock Sell,100.0,235.66,0.68,23565.32,Open
02/06/2025,02/06/2025,Cash Dividend,AGG,,0.0,,Dividend,0.0,0.0,0.0,64.46,Close
02/05/2025,02/05/2025,Buy to Open,TOL,03/21/2025,130.0,Put,Put Buy,5.0,4.74,1.3,-2369.3,Close
02/05/2025,02/05/2025,Sell to Close,TOL,03/21/2025,115.0,Put,Put Sell,5.0,1.25,1.33,623.67,Close
02/05/2025,02/05/2025,Sell to Open,NKE,02/07/2025,73.0,Put,Put Sell,5.0,0.34,1.31,168.69,Close
02/05/2025,02/05/2025,Buy to Close,INTC,02/07/2025,22.5,Call,Call Buy,20.0,0.03,0.22,-60.22,Close
02/05/2025,02/05/2025,Sell to Open,INTC,02/14/2025,22.0,Call,Call Sell,45.0,0.11,11.88,483.12,Close
02/05/2025,02/05/2025,Sell to Open,CVX,02/14/2025,160.0,Call,Call Sell,9.0,0.17,2.38,150.62,Close
02/05/2025,02/05/2025,Buy to Open,CVX,03/21/2025,150.0,Put,Put Buy,1.0,3.0,0.26,-300.26,Close
02/05/2025,02/05/2025,Sell to Open,GOOGL,02/07/2025,192.5,Call,Call Sell,1.0,2.1,0.27,209.73,Close
02/05/2025,02/05/2025,Buy to Close,AMD,02/07/2025,115.0,Call,Call Buy,10.0,0.25,2.61,-252.61,Close
02/05/2025,02/05/2025,Sell to Open,AMD,02/07/2025,115.0,Call,Call Sell,10.0,0.42,2.65,417.35,Close
02/05/2025,02/05/2025,Sell to Open,GOOGL,02/07/2025,185.0,Put,Put Sell,4.0,1.05,1.06,418.94,Close
02/04/2025,02/04/2025,Buy,GOOGL,,0.0,,Stock Buy,100.0,190.0,0.0,-19000.0,Open
02/04/2025,02/04/2025,Buy,HON,,0.0,,Stock Buy,100.0,223.75,0.0,-22375.0,Open
02/04/2025,02/04/2025,Buy to Open,HON,02/07/2025,225.0,Put,Put Buy,1.0,5.74,0.26,-574.26,Close
02/04/2025,02/04/2025,Sell to Open,XOM,02/14/2025,113.0,Call,Call Sell,3.0,0.4,0.79,119.21,Close
02/04/2025,02/04/2025,Sell to Open,WDAY,02/14/2025,240.0,Put,Put Sell,2.0,0.92,0.54,183.46,Close
02/04/2025,02/04/2025,Sell to Open,MSFT,03/07/2025,415.0,Call,Call Sell,2.0,9.8,0.58,1959.42,Close
02/04/2025,02/04/2025,Buy to Open,MSFT,03/07/2025,410.0,Call,Call Buy,2.0,12.5,0.52,-2500.52,Close
02/04/2025,02/04/2025,Sell to Open,MSFT,02/07/2025,410.0,Put,Put Sell,1.0,2.78,0.27,277.73,Close
02/04/2025,02/04/2025,Sell to Open,XLK,02/14/2025,215.0,Put,Put Sell,2.0,0.64,0.53,127.47,Close
02/03/2025,02/03/2025,Sell to Open,ORCL,02/07/2025,162.5,Put,Put Sell,3.0,1.25,0.8,374.2,Close
02/03/2025,02/03/2025,Sell to Open,XOM,02/07/2025,105.0,Put,Put Sell,1.0,0.5,0.26,49.74,Close
02/03/2025,02/03/2025,Buy,QCOM,,0.0,,Stock Buy,200.0,171.0,0.0,-34200.0,Open
02/03/2025,02/03/2025,Sell to Open,QCOM,02/07/2025,152.5,Put,Put Sell,5.0,0.72,1.32,358.68,Close
02/03/2025,02/03/2025,Sell to Open,ORCL,02/07/2025,160.0,Put,Put Sell,3.0,0.82,0.8,245.2,Close
02/03/2025,02/03/2025,Sell to Open,NVDA,02/07/2025,100.0,Put,Put Sell,2.0,0.28,0.53,55.47,Close
02/03/2025,02/03/2025,Sell to Open,NVDA,02/07/2025,108.0,Put,Put Sell,2.0,1.17,0.54,233.46,Close
02/03/2025,02/03/2025,Sell to Open,NKE,02/07/2025,71.0,Put,Put Sell,5.0,0.33,1.31,163.69,Close
02/03/2025,02/03/2025,Sell,NKE,,0.0,,Stock Sell,500.0,74.15,1.11,37073.89,Open
02/03/2025,02/03/2025,Sell to Close,NKE,06/20/2025,72.5,Put,Put Sell,5.0,4.45,1.37,2223.63,Open
02/03/2025,02/03/2025,Buy to Close,NKE,02/07/2025,78.0,Call,Call Buy,5.0,0.28,1.3,-141.3,Close
02/03/2025,02/03/2025,Buy to Open,MCD,06/20/2025,285.0,Put,Put Buy,1.0,12.7,0.26,-1270.26,Open
02/03/2025,02/03/2025,Sell to Open,MCD,02/07/2025,275.0,Put,Put Sell,1.0,0.33,0.26,32.74,Close
02/03/2025,02/03/2025,Sell to Open,HD,02/07/2025,385.0,Put,Put Sell,2.0,0.78,0.53,155.47,Close
02/03/2025,02/03/2025,Sell to Open,GBTC,02/21/2025,66.0,Put,Put Sell,2.0,0.7,0.53,139.47,Close
02/03/2025,02/03/2025,Buy to Close,CVX,03/21/2025,160.0,Call,Call Buy,8.0,0.77,2.09,-618.09,Close
02/03/2025,02/03/2025,Sell to Open,BLK,02/07/2025,995.0,Put,Put Sell,3.0,1.5,0.8,449.2,Close
02/03/2025,02/03/2025,Sell to Open,AVGO,02/07/2025,200.0,Put,Put Sell,1.0,1.27,0.26,126.74,Close
02/03/2025,02/03/2025,Sell,GS,,0.0,,Stock Sell,10.0,629.25,0.17,6292.35,Open
02/03/2025,02/03/2025,Buy,GS,,0.0,,Stock Buy,10.0,622.0,0.0,-6220.0,Open
02/03/2025,02/03/2025,Buy,NVDA,,0.0,,Stock Buy,100.0,113.0,0.0,-11300.0,Open
02/03/2025,02/03/2025,Sell,ORCL,,0.0,,Stock Sell,149.0,162.4,0.69,24196.91,Open
02/03/2025,02/03/2025,Sell,ORCL,,0.0,,Stock Sell,151.0,163.52,0.72,24690.32,Open
02/03/2025,01/31/2025,Sell,AVGO,,0.0,,Stock Sell,100.0,215.0,0.62,21499.38,Open
02/03/2025,01/31/2025,Buy,CVX,,0.0,,Stock Buy,100.0,152.5,0.0,-15250.0,Open
02/03/2025,01/31/2025,Buy,MCD,,0.0,,Stock Buy,100.0,290.0,0.0,-29000.0,Open
02/03/2025,01/31/2025,Buy,NVDA,,0.0,,Stock Buy,100.0,124.0,0.0,-12400.0,Open
02/03/2025,01/31/2025,Expired,QCOM,01/31/2025,162.5,Put,Expired,10.0,0.0,0.0,0.0,Close
02/03/2025,01/31/2025,Expired,TOL,01/31/2025,129.0,Put,Expired,3.0,0.0,0.0,0.0,Close
02/03/2025,01/31/2025,Expired,WDAY,01/31/2025,255.0,Put,Expired,4.0,0.0,0.0,0.0,Close
02/03/2025,01/31/2025,Expired,QCOM,01/31/2025,165.0,Put,Expired,3.0,0.0,0.0,0.0,Close
02/03/2025,01/31/2025,Expired,ORCL,01/31/2025,170.0,Call,Expired,3.0,0.0,0.0,0.0,Close
02/03/2025,01/31/2025,Expired,MSFT,01/31/2025,410.0,Put,Expired,2.0,0.0,0.0,0.0,Close
02/03/2025,01/31/2025,Expired,MCD,01/31/2025,280.0,Put,Expired,5.0,0.0,0.0,0.0,Close
02/03/2025,01/31/2025,Expired,GOOGL,01/31/2025,195.0,Put,Expired,10.0,0.0,0.0,0.0,Close
02/03/2025,01/31/2025,Expired,EXPE,01/31/2025,170.0,Put,Expired,2.0,0.0,0.0,0.0,Close
02/03/2025,01/31/2025,Expired,CAT,01/31/2025,360.0,Put,Expired,3.0,0.0,0.0,0.0,Close
02/03/2025,01/31/2025,Expired,BLK,01/31/2025,940.0,Put,Expired,1.0,0.0,0.0,0.0,Close
02/03/2025,01/31/2025,Expired,AVGO,01/31/2025,180.0,Put,Expired,5.0,0.0,0.0,0.0,Close
02/03/2025,01/31/2025,Expired,ADSK,01/31/2025,290.0,Put,Expired,5.0,0.0,0.0,0.0,Close
02/03/2025,01/31/2025,Assigned,AVGO,01/31/2025,215.0,Call,Assigned,1.0,0.0,0.0,0.0,Close
02/03/2025,01/31/2025,Assigned,CVX,01/31/2025,152.5,Put,Assigned,1.0,0.0,0.0,0.0,Close
02/03/2025,01/31/2025,Assigned,MCD,01/31/2025,290.0,Put,Assigned,1.0,0.0,0.0,0.0,Close
02/03/2025,01/31/2025,Assigned,NVDA,01/31/2025,124.0,Put,Assigned,1.0,0.0,0.0,0.0,Close
01/31/2025,01/31/2025,Buy to Open,NVDA,06/20/2025,120.0,Put,Put Buy,2.0,15.94,0.52,-3188.52,Open
01/31/2025,01/31/2025,Sell to Open,AVGO,02/07/2025,215.0,Put,Put Sell,1.0,3.2,0.27,319.73,Close
01/31/2025,01/31/2025,Buy to Close,AVGO,02/07/2025,217.5,Put,Put Buy,1.0,3.45,0.26,-345.26,Close
01/31/2025,01/31/2025,Sell to Open,WDAY,02/07/2025,255.0,Put,Put Sell,4.0,1.5,1.07,598.93,Close
01/31/2025,01/31/2025,Sell to Open,ORCL,02/07/2025,170.0,Put,Put Sell,3.0,2.1,0.81,629.19,Close
01/31/2025,01/31/2025,Buy to Close,CAT,01/31/2025,370.0,Put,Put Buy,1.0,0.15,0.26,-15.26,Close
01/31/2025,01/31/2025,Sell to Open,AVGO,02/07/2025,217.5,Put,Put Sell,1.0,3.5,0.27,349.73,Close
01/31/2025,01/31/2025,Buy to Close,AVGO,01/31/2025,225.0,Call,Call Buy,4.0,1.2,1.04,-481.04,Close
01/31/2025,01/31/2025,Buy to Open,NVDA,06/20/2025,120.0,Put,Put Buy,3.0,13.4,0.78,-4020.78,Open
01/31/2025,01/31/2025,Buy,NVDA,,0.0,,Stock Buy,300.0,126.0,0.0,-37800.0,Open
01/31/2025,01/31/2025,Buy to Close,NVDA,01/31/2025,118.0,Put,Put Buy,3.0,0.07,0.78,-21.78,Close
01/31/2025,01/31/2025,Buy to Close,NVDA,01/31/2025,116.0,Put,Put Buy,2.0,0.04,0.02,-8.02,Close
01/31/2025,01/31/2025,Sell to Open,NVDA,01/31/2025,124.0,Put,Put Sell,1.0,0.61,0.26,60.74,Close
01/31/2025,01/31/2025,Sell to Open,AAPL,02/07/2025,235.0,Put,Put Sell,1.0,0.99,0.26,98.74,Close
01/31/2025,01/31/2025,Sell to Open,INTC,02/07/2025,22.5,Call,Call Sell,20.0,0.09,5.29,174.71,Close
01/31/2025,01/31/2025,Sell to Open,CAT,02/07/2025,365.0,Put,Put Sell,1.0,2.2,0.27,219.73,Close
01/31/2025,01/31/2025,Sell to Open,CAT,02/07/2025,375.0,Put,Put Sell,1.0,4.35,0.27,434.73,Close
01/31/2025,01/31/2025,Buy,NVDA,,0.0,,Stock Buy,200.0,122.82,0.0,-24563.98,Open
01/31/2025,01/31/2025,Sell,NVDA,,0.0,,Stock Sell,200.0,122.87,0.71,24573.33,Open
01/30/2025,01/30/2025,Credit Interest,,,0.0,,Interest,0.0,0.0,0.0,11.6,Open
01/30/2025,01/30/2025,Margin Interest,,,0.0,,Interest,0.0,0.0,0.0,-156.74,Open
01/30/2025,01/30/2025,Buy to Close,NVDA,01/31/2025,119.0,Put,Put Buy,5.0,0.9,1.3,-451.3,Close
01/30/2025,01/30/2025,Sell to Open,NVDA,01/31/2025,119.0,Put,Put Sell,5.0,1.78,1.33,888.67,Close
01/30/2025,01/30/2025,Sell to Open,NVDA,01/31/2025,116.0,Put,Put Sell,2.0,0.77,0.53,153.47,Close
01/30/2025,01/30/2025,Sell to Open,NVDA,01/31/2025,118.0,Put,Put Sell,3.0,1.35,0.8,404.2,Close
01/30/2025,01/30/2025,Sell to Open,HD,02/07/2025,395.0,Put,Put Sell,2.0,0.57,0.53,113.47,Close
01/30/2025,01/30/2025,Sell to Open,CAT,02/07/2025,355.0,Put,Put Sell,2.0,0.85,0.53,169.47,Close
01/30/2025,01/30/2025,Sell to Open,AMD,02/07/2025,130.0,Call,Call Sell,5.0,1.72,1.33,858.67,Close
01/30/2025,01/30/2025,Sell to Open,AMD,02/07/2025,131.0,Call,Call Sell,5.0,1.58,1.33,788.67,Close
01/30/2025,01/30/2025,Sell to Open,CAT,01/31/2025,370.0,Put,Put Sell,1.0,1.51,0.26,150.74,Close
01/30/2025,01/30/2025,Sell to Open,MSFT,02/07/2025,380.0,Put,Put Sell,3.0,0.21,0.79,62.21,Close
01/30/2025,01/30/2025,Sell to Open,MSFT,02/07/2025,390.0,Put,Put Sell,5.0,0.47,1.32,233.68,Close
01/30/2025,01/30/2025,Sell to Open,MSFT,01/31/2025,410.0,Put,Put Sell,2.0,1.39,0.54,277.46,Close
01/30/2025,01/30/2025,Sell to Close,MSFT,05/16/2025,430.0,Put,Put Sell,4.0,25.8,1.34,10318.66,Open
01/30/2025,01/30/2025,Sell,MSFT,,0.0,,Stock Sell,100.0,416.21,1.18,41619.82,Open
01/30/2025,01/30/2025,Sell to Close,MSFT,01/31/2025,445.0,Put,Put Sell,1.0,28.79,0.34,2878.66,Close
01/29/2025,01/29/2025,Sell to Open,ORCL,02/07/2025,150.0,Put,Put Sell,1.0,0.78,0.26,77.74,Close
01/29/2025,01/29/2025,Sell to Open,TOL,02/07/2025,127.0,Put,Put Sell,1.0,0.5,0.26,49.74,Close
01/29/2025,01/29/2025,Sell to Open,CVX,02/07/2025,147.0,Put,Put Sell,1.0,0.4,0.26,39.74,Close
01/29/2025,01/29/2025,Sell to Close,ADP,01/31/2025,300.0,Put,Put Sell,1.0,1.1,0.26,109.74,Close
01/29/2025,01/29/2025,Sell,ADP,,0.0,,Stock Sell,100.0,305.0,0.87,30499.13,Open
01/29/2025,01/29/2025,Qualified Dividend,CMCSA,,0.0,,Dividend,0.0,0.0,0.0,372.0,Close
01/28/2025,01/28/2025,Buy to Open,MSFT,01/31/2025,445.0,Put,Put Buy,1.0,9.76,0.26,-976.26,Close
01/28/2025,01/28/2025,Buy,MSFT,,0.0,,Stock Buy,100.0,444.0,0.0,-44400.0,Open
01/28/2025,01/28/2025,Sell,MSFT,,0.0,,Stock Sell,400.0,444.5,5.01,177794.99,Open
01/28/2025,01/28/2025,Sell to Open,HD,02/07/2025,400.0,Put,Put Sell,1.0,1.02,0.26,101.74,Close
01/28/2025,01/28/2025,Sell,AMZN,,0.0,,Stock Sell,200.0,240.17,1.37,48032.63,Open
01/28/2025,01/28/2025,Sell to Close,AMZN,02/07/2025,235.0,Put,Put Sell,2.0,6.03,0.56,1205.44,Close
01/28/2025,01/28/2025,Buy to Open,CAT,05/16/2025,350.0,Put,Put Buy,1.0,9.0,0.26,-900.26,Open
01/28/2025,01/28/2025,Buy,CAT,,0.0,,Stock Buy,100.0,387.6,0.0,-38760.0,Open
01/28/2025,01/28/2025,Sell to Open,AVGO,02/07/2025,180.0,Put,Put Sell,1.0,1.51,0.26,150.74,Close
01/28/2025,01/28/2025,Sell to Open,NKE,02/07/2025,78.0,Call,Call Sell,5.0,0.46,1.32,228.68,Close
01/28/2025,01/28/2025,Sell to Open,MCD,01/31/2025,290.0,Put,Put Sell,1.0,0.98,0.26,97.74,Close
01/27/2025,01/27/2025,Buy to Open,AVGO,06/20/2025,200.0,Put,Put Buy,5.0,23.0,1.3,-11501.3,Open
01/27/2025,01/27/2025,Sell to Open,ORCL,01/31/2025,170.0,Call,Call Sell,3.0,1.61,0.8,482.2,Close
01/27/2025,01/27/2025,Buy to Open,ORCL,06/20/2025,150.0,Put,Put Buy,3.0,9.0,0.78,-2700.78,Open
01/27/2025,01/27/2025,Buy,ORCL,,0.0,,Stock Buy,300.0,162.39,0.0,-48717.0,Open
01/27/2025,01/27/2025,Sell to Open,AVGO,01/31/2025,215.0,Call,Call Sell,1.0,2.95,0.27,294.73,Close
01/27/2025,01/27/2025,Buy,AVGO,,0.0,,Stock Buy,100.0,205.0,0.0,-20500.0,Open
01/27/2025,01/27/2025,Sell,CEG,,0.0,,Stock Sell,100.0,280.1,0.8,28009.2,Open
01/27/2025,01/27/2025,Sell to Open,CVX,01/31/2025,152.5,Put,Put Sell,1.0,0.83,0.26,82.74,Close
01/27/2025,01/27/2025,Sell to Close,MSFT,05/16/2025,430.0,Put,Put Sell,6.0,19.7,1.92,11818.08,Open
01/27/2025,01/27/2025,Buy to Open,NKE,06/20/2025,72.5,Put,Put Buy,5.0,4.0,1.3,-2001.3,Open
01/27/2025,01/27/2025,Buy,CEG,,0.0,,Stock Buy,100.0,280.0,0.0,-28000.0,Open
01/27/2025,01/27/2025,Sell to Open,QCOM,01/31/2025,165.0,Put,Put Sell,3.0,1.3,0.8,389.2,Close
01/27/2025,01/27/2025,Sell to Open,AVGO,01/31/2025,225.0,Call,Call Sell,4.0,2.95,1.08,1178.92,Close
01/27/2025,01/27/2025,Sell to Open,CAT,01/31/2025,360.0,Put,Put Sell,3.0,0.97,0.8,290.2,Close
01/27/2025,01/27/2025,Buy to Close,MSFT,01/31/2025,435.0,Call,Call Buy,4.0,6.5,1.04,-2601.04,Close
01/27/2025,01/27/2025,Sell to Open,WDAY,01/31/2025,255.0,Put,Put Sell,4.0,1.55,1.07,618.93,Close
01/27/2025,01/27/2025,Sell to Open,QCOM,01/31/2025,162.5,Put,Put Sell,10.0,1.19,2.67,1187.33,Close
01/27/2025,01/27/2025,Sell to Open,MSFT,01/31/2025,435.0,Call,Call Sell,4.0,6.75,1.13,2698.87,Close
01/27/2025,01/27/2025,Sell,WDAY,,0.0,,Stock Sell,100.0,258.0,0.74,25799.26,Open
01/27/2025,01/27/2025,Sell,CEG,,0.0,,Stock Sell,200.0,302.0,1.71,60398.29,Open
01/27/2025,01/27/2025,Buy,CEG,,0.0,,Stock Buy,100.0,290.0,0.0,-29000.0,Open
01/27/2025,01/27/2025,Buy,CEG,,0.0,,Stock Buy,100.0,300.0,0.0,-30000.0,Open
01/27/2025,01/27/2025,Sell,ORCL,,0.0,,Stock Sell,100.0,174.1,0.5,17409.5,Open
01/27/2025,01/27/2025,Buy,AVGO,,0.0,,Stock Buy,100.0,213.0,0.0,-21300.0,Open
01/27/2025,01/27/2025,Sell,QCOM,,0.0,,Stock Sell,200.0,170.0,0.98,33999.02,Open
01/27/2025,01/27/2025,Buy,AVGO,,0.0,,Stock Buy,100.0,215.0,0.0,-21500.0,Open
01/27/2025,01/27/2025,Buy,ORCL,,0.0,,Stock Buy,100.0,174.0,0.0,-17400.0,Open
01/27/2025,01/27/2025,Sell,META,,0.0,,Stock Sell,100.0,625.0,1.76,62498.24,Open
01/27/2025,01/27/2025,Buy,AVGO,,0.0,,Stock Buy,100.0,225.0,0.0,-22500.0,Open
01/27/2025,01/27/2025,Buy,META,,0.0,,Stock Buy,100.0,620.0,0.0,-62000.0,Open
01/27/2025,01/27/2025,Buy,QCOM,,0.0,,Stock Buy,100.0,165.0,0.0,-16500.0,Open
01/27/2025,01/27/2025,Buy,WDAY,,0.0,,Stock Buy,100.0,253.5,0.0,-25350.0,Open
01/27/2025,01/27/2025,Buy,MSFT,,0.0,,Stock Buy,100.0,430.0,0.0,-43000.0,Open
01/27/2025,01/27/2025,Buy,AVGO,,0.0,,Stock Buy,100.0,232.0,0.0,-23200.0,Open
01/27/2025,01/27/2025,Buy,QCOM,,0.0,,Stock Buy,100.0,166.8,0.0,-16680.0,Open
01/27/2025,01/27/2025,Buy,MSFT,,0.0,,Stock Buy,100.0,432.0,0.0,-43200.0,Open
01/27/2025,01/27/2025,Buy,MSFT,,0.0,,Stock Buy,100.0,434.0,0.0,-43400.0,Open
01/27/2025,01/27/2025,Buy,MSFT,,0.0,,Stock Buy,100.0,435.5,0.0,-43550.0,Open
01/27/2025,01/24/2025,Sell,MSFT,,0.0,,Stock Sell,1000.0,437.5,12.33,437487.67,Open
01/27/2025,01/24/2025,Sell,WDAY,,0.0,,Stock Sell,400.0,257.5,2.93,102997.07,Open
01/27/2025,01/24/2025,Buy,CVX,,0.0,,Stock Buy,300.0,157.5,0.0,-47250.0,Open
01/27/2025,01/24/2025,Buy,NKE,,0.0,,Stock Buy,500.0,74.0,0.0,-37000.0,Open
01/27/2025,01/24/2025,Expired,QCOM,01/24/2025,162.5,Put,Expired,10.0,0.0,0.0,0.0,Close
01/27/2025,01/24/2025,Expired,MCD,01/24/2025,282.5,Put,Expired,5.0,0.0,0.0,0.0,Close
01/27/2025,01/24/2025,Expired,MCD,01/24/2025,277.5,Put,Expired,5.0,0.0,0.0,0.0,Close
01/27/2025,01/24/2025,Expired,GOOGL,01/24/2025,187.5,Put,Expired,10.0,0.0,0.0,0.0,Close
01/27/2025,01/24/2025,Expired,CRM,01/24/2025,327.5,Put,Expired,1.0,0.0,0.0,0.0,Close
01/27/2025,01/24/2025,Expired,ADBE,01/24/2025,427.5,Put,Expired,1.0,0.0,0.0,0.0,Close
01/27/2025,01/24/2025,Expired,ADSK,01/24/2025,282.5,Put,Expired,1.0,0.0,0.0,0.0,Close
01/27/2025,01/24/2025,Expired,ADBE,01/24/2025,405.0,Put,Expired,5.0,0.0,0.0,0.0,Close
01/27/2025,01/24/2025,Expired,ADBE,01/24/2025,380.0,Put,Expired,3.0,0.0,0.0,0.0,Close
01/27/2025,01/24/2025,Expired,QCOM,01/24/2025,165.0,Put,Expired,3.0,0.0,0.0,0.0,Close
01/27/2025,01/24/2025,Expired,NKE,01/24/2025,70.0,Put,Expired,10.0,0.0,0.0,0.0,Close
01/27/2025,01/24/2025,Expired,HD,01/24/2025,410.0,Put,Expired,3.0,0.0,0.0,0.0,Close
01/27/2025,01/24/2025,Expired,HD,01/24/2025,360.0,Put,Expired,3.0,0.0,0.0,0.0,Close
01/27/2025,01/24/2025,Expired,HD,01/24/2025,405.0,Put,Expired,2.0,0.0,0.0,0.0,Close
01/27/2025,01/24/2025,Expired,CVX,01/24/2025,155.0,Put,Expired,5.0,0.0,0.0,0.0,Close
01/27/2025,01/24/2025,Expired,CRM,01/24/2025,320.0,Put,Expired,1.0,0.0,0.0,0.0,Close
01/27/2025,01/24/2025,Expired,CAT,01/24/2025,365.0,Put,Expired,3.0,0.0,0.0,0.0,Close
01/27/2025,01/24/2025,Expired,CEG,01/24/2025,300.0,Put,Expired,5.0,0.0,0.0,0.0,Close
01/27/2025,01/24/2025,Expired,AVGO,01/24/2025,225.0,Put,Expired,2.0,0.0,0.0,0.0,Close
01/27/2025,01/24/2025,Expired,AXP,01/24/2025,260.0,Put,Expired,10.0,0.0,0.0,0.0,Close
01/27/2025,01/24/2025,Expired,AMZN,01/24/2025,200.0,Put,Expired,10.0,0.0,0.0,0.0,Close
01/27/2025,01/24/2025,Assigned,MSFT,01/24/2025,437.5,Call,Assigned,10.0,0.0,0.0,0.0,Close
01/27/2025,01/24/2025,Assigned,WDAY,01/24/2025,257.5,Call,Assigned,4.0,0.0,0.0,0.0,Close
01/27/2025,01/24/2025,Assigned,CVX,01/24/2025,157.5,Put,Assigned,3.0,0.0,0.0,0.0,Close
01/27/2025,01/24/2025,Assigned,NKE,01/24/2025,74.0,Put,Assigned,5.0,0.0,0.0,0.0,Close
01/24/2025,01/24/2025,Buy to Open,CVX,03/21/2025,150.0,Put,Put Buy,5.0,2.65,1.3,-1326.3,Close
01/24/2025,01/24/2025,Sell to Close,CVX,03/21/2025,135.0,Put,Put Sell,5.0,0.4,1.32,198.68,Close
01/24/2025,01/24/2025,Buy to Open,CVX,03/21/2025,150.0,Put,Put Buy,3.0,2.68,0.78,-804.78,Close
01/24/2025,01/24/2025,Buy,CVX,,0.0,,Stock Buy,500.0,156.0,0.0,-78000.0,Open
01/24/2025,01/24/2025,Sell to Open,MCD,01/31/2025,280.0,Put,Put Sell,5.0,0.7,1.32,348.68,Close
01/24/2025,01/24/2025,Sell to Open,GOOGL,01/31/2025,195.0,Put,Put Sell,10.0,1.14,2.67,1137.33,Close
01/24/2025,01/24/2025,Buy to Close,NVDA,01/24/2025,144.0,Call,Call Buy,20.0,0.33,5.22,-665.22,Close
01/24/2025,01/24/2025,Sell,AXP,,0.0,,Stock Sell,200.0,318.57,1.8,63712.2,Open
01/24/2025,01/24/2025,Sell to Close,AXP,01/24/2025,320.0,Put,Put Sell,2.0,2.93,0.55,585.45,Close
01/24/2025,01/24/2025,Qualified Dividend,TOL,,0.0,,Dividend,0.0,0.0,0.0,184.0,Close
01/23/2025,01/23/2025,Buy to Close,TSLA,01/24/2025,420.0,Call,Call Buy,9.0,2.33,2.35,-2099.35,Close
01/23/2025,01/23/2025,Sell to Close,TSLA,01/24/2025,417.5,Call,Call Sell,9.0,2.98,2.45,2679.55,Close
01/23/2025,01/23/2025,Buy to Close,TSLA,01/24/2025,420.0,Call,Call Buy,1.0,3.12,0.26,-312.26,Close
01/23/2025,01/23/2025,Sell to Close,TSLA,01/24/2025,417.5,Call,Call Sell,1.0,3.92,0.27,391.73,Close
01/23/2025,01/23/2025,Buy to Close,CAT,01/31/2025,360.0,Put,Put Buy,2.0,0.4,0.52,-80.52,Close
01/23/2025,01/23/2025,Buy to Close,CAT,01/24/2025,385.0,Put,Put Buy,3.0,0.06,0.78,-18.78,Close
01/23/2025,01/23/2025,Sell to Open,CAT,01/31/2025,360.0,Put,Put Sell,2.0,0.66,0.53,131.47,Close
01/22/2025,01/22/2025,Buy to Open,AMZN,02/07/2025,235.0,Put,Put Buy,2.0,8.9,0.52,-1780.52,Close
01/22/2025,01/22/2025,Buy,AMZN,,0.0,,Stock Buy,200.0,233.8,0.0,-46760.0,Open
01/22/2025,01/22/2025,Sell to Open,TOL,01/31/2025,129.0,Put,Put Sell,3.0,0.68,0.8,203.2,Close
01/22/2025,01/22/2025,Sell to Open,HD,01/24/2025,405.0,Put,Put Sell,2.0,0.54,0.53,107.47,Close
01/22/2025,01/22/2025,Buy to Open,AXP,01/24/2025,320.0,Put,Put Buy,2.0,5.97,0.52,-1194.52,Close
01/22/2025,01/22/2025,Buy,AXP,,0.0,,Stock Buy,200.0,320.8,0.0,-64160.0,Open
01/22/2025,01/22/2025,Sell to Open,NKE,01/24/2025,74.0,Put,Put Sell,5.0,0.53,1.32,263.68,Close
01/22/2025,01/22/2025,Sell to Open,MCD,01/24/2025,282.5,Put,Put Sell,5.0,1.61,1.33,803.67,Close
01/22/2025,01/22/2025,Sell to Open,ADSK,01/31/2025,290.0,Put,Put Sell,5.0,1.18,1.33,588.67,Close
01/22/2025,01/22/2025,Sell to Open,CRM,01/24/2025,327.5,Put,Put Sell,1.0,1.61,0.26,160.74,Close
01/21/2025,01/21/2025,Sell to Open,CRM,01/24/2025,320.0,Put,Put Sell,1.0,0.97,0.26,96.74,Close
01/21/2025,01/21/2025,Sell to Open,ADBE,01/24/2025,427.5,Put,Put Sell,1.0,0.96,0.26,95.74,Close
01/21/2025,01/21/2025,Sell to Open,CMI,02/21/2025,320.0,Put,Put Sell,2.0,1.02,0.54,203.46,Close
01/21/2025,01/21/2025,Sell to Open,HD,01/24/2025,410.0,Put,Put Sell,3.0,0.63,0.8,188.2,Close
01/21/2025,01/21/2025,Sell to Open,CEG,01/24/2025,300.0,Put,Put Sell,5.0,0.4,1.32,198.68,Close
01/21/2025,01/21/2025,Sell to Open,CAT,01/24/2025,385.0,Put,Put Sell,3.0,1.15,0.8,344.2,Close
01/21/2025,01/21/2025,Sell to Open,CVX,01/24/2025,157.5,Put,Put Sell,3.0,0.64,0.8,191.2,Close
01/21/2025,01/21/2025,Sell to Open,QCOM,01/24/2025,165.0,Put,Put Sell,3.0,1.4,0.8,419.2,Close
01/21/2025,01/21/2025,Sell to Open,QCOM,01/24/2025,162.5,Put,Put Sell,10.0,0.7,2.66,697.34,Close
01/21/2025,01/21/2025,Sell to Open,WDAY,01/24/2025,257.5,Call,Call Sell,4.0,0.77,1.06,306.94,Close
01/21/2025,01/21/2025,Sell,QCOM,,0.0,,Stock Sell,100.0,164.8,0.48,16479.52,Open
01/21/2025,01/21/2025,Sell,GOOGL,,0.0,,Stock Sell,100.0,197.33,0.57,19732.09,Open
01/21/2025,01/21/2025,Buy,QCOM,,0.0,,Stock Buy,100.0,164.7,0.0,-16470.0,Open
01/21/2025,01/21/2025,Buy,GOOGL,,0.0,,Stock Buy,100.0,196.14,0.0,-19614.0,Open
01/21/2025,01/17/2025,Expired,WDAY,01/17/2025,255.0,Call,Expired,4.0,0.0,0.0,0.0,Close
01/21/2025,01/17/2025,Expired,TOL,01/17/2025,121.0,Put,Expired,3.0,0.0,0.0,0.0,Close
01/21/2025,01/17/2025,Expired,QCOM,01/17/2025,152.5,Put,Expired,3.0,0.0,0.0,0.0,Close
01/21/2025,01/17/2025,Expired,INTC,01/17/2025,22.0,Call,Expired,45.0,0.0,0.0,0.0,Close
01/21/2025,01/17/2025,Expired,GOOGL,01/17/2025,187.5,Put,Expired,10.0,0.0,0.0,0.0,Close
01/21/2025,01/17/2025,Expired,CVX,01/17/2025,141.0,Put,Expired,3.0,0.0,0.0,0.0,Close
01/21/2025,01/17/2025,Expired,AMD,01/17/2025,131.0,Call,Expired,15.0,0.0,0.0,0.0,Close
01/21/2025,01/17/2025,Expired,ADSK,01/17/2025,265.0,Put,Expired,5.0,0.0,0.0,0.0,Close
01/21/2025,01/17/2025,Expired,VUG,01/17/2025,375.0,Put,Expired,5.0,0.0,0.0,0.0,Close
01/21/2025,01/17/2025,Expired,VGT,01/17/2025,585.0,Put,Expired,2.0,0.0,0.0,0.0,Close
01/21/2025,01/17/2025,Expired,JPM,01/17/2025,225.0,Put,Expired,5.0,0.0,0.0,0.0,Close
01/21/2025,01/17/2025,Expired,CEG,01/17/2025,260.0,Put,Expired,5.0,0.0,0.0,0.0,Close
01/21/2025,01/17/2025,Expired,COST,01/17/2025,885.0,Put,Expired,5.0,0.0,0.0,0.0,Close
01/21/2025,01/17/2025,Expired,CMI,01/17/2025,320.0,Put,Expired,5.0,0.0,0.0,0.0,Close
01/21/2025,01/17/2025,Expired,META,01/17/2025,530.0,Put,Expired,5.0,0.0,0.0,0.0,Close
01/21/2025,01/17/2025,Expired,CAT,01/17/2025,340.0,Put,Expired,3.0,0.0,0.0,0.0,Close
01/21/2025,01/17/2025,Expired,TSLA,01/17/2025,250.0,Put,Expired,3.0,0.0,0.0,0.0,Close
01/21/2025,01/17/2025,Expired,TEAM,01/17/2025,220.0,Put,Expired,2.0,0.0,0.0,0.0,Close
01/21/2025,01/17/2025,Expired,MCD,01/17/2025,270.0,Put,Expired,3.0,0.0,0.0,0.0,Close
01/21/2025,01/17/2025,Expired,HON,01/17/2025,210.0,Put,Expired,10.0,0.0,0.0,0.0,Close
01/21/2025,01/17/2025,Expired,DE,01/17/2025,380.0,Put,Expired,5.0,0.0,0.0,0.0,Close
01/21/2025,01/17/2025,Expired,CVX,01/17/2025,150.0,Put,Expired,3.0,0.0,0.0,0.0,Close
01/21/2025,01/17/2025,Expired,ADBE,01/17/2025,410.0,Put,Expired,5.0,0.0,0.0,0.0,Close
01/21/2025,01/17/2025,Assigned,HD,01/17/2025,400.0,Call,Assigned,3.0,0.0,0.0,0.0,Close
01/21/2025,01/17/2025,Assigned,CVX,01/17/2025,155.0,Call,Assigned,5.0,0.0,0.0,0.0,Close
01/21/2025,01/17/2025,Assigned,CAT,01/17/2025,375.0,Call,Assigned,3.0,0.0,0.0,0.0,Close
01/21/2025,01/17/2025,Assigned,QCOM,01/17/2025,162.5,Call,Assigned,10.0,0.0,0.0,0.0,Close
01/21/2025,01/17/2025,Sell,HD,,0.0,,Stock Sell,300.0,400.0,3.39,119996.61,Open
01/21/2025,01/17/2025,Sell,CVX,,0.0,,Stock Sell,500.0,155.0,2.23,77497.77,Open
01/21/2025,01/17/2025,Sell,CAT,,0.0,,Stock Sell,300.0,375.0,3.18,112496.82,Open
01/21/2025,01/17/2025,Sell,QCOM,,0.0,,Stock Sell,1000.0,162.5,4.69,162495.31,Open
01/17/2025,01/17/2025,Sell to Open,ADSK,01/24/2025,282.5,Put,Put Sell,1.0,0.67,0.26,66.74,Close
01/17/2025,01/17/2025,Buy to Close,TOL,01/17/2025,136.0,Call,Call Buy,8.0,0.1,2.09,-82.09,Close
01/17/2025,01/17/2025,Sell to Close,JPM,03/21/2025,210.0,Put,Put Sell,5.0,0.48,1.32,238.68,Close
01/17/2025,01/17/2025,Buy to Open,ADP,01/31/2025,300.0,Put,Put Buy,1.0,6.65,0.26,-665.26,Close
01/17/2025,01/17/2025,Buy,ADP,,0.0,,Stock Buy,100.0,298.1,0.0,-29810.0,Open
01/17/2025,01/17/2025,Buy to Open,VIX,06/18/2025,16.0,Call,Call Buy,10.0,3.8,6.81,-3806.81,Open
01/17/2025,01/17/2025,Sell to Open,NKE,01/24/2025,70.0,Put,Put Sell,10.0,0.34,2.65,337.35,Close
01/17/2025,01/17/2025,Sell to Open,MCD,01/24/2025,277.5,Put,Put Sell,5.0,0.7,1.32,348.68,Close
01/17/2025,01/17/2025,Buy to Open,XOM,06/20/2025,110.0,Put,Put Buy,3.0,4.8,0.78,-1440.78,Open
01/17/2025,01/17/2025,Buy,XOM,,0.0,,Stock Buy,200.0,112.6,0.0,-22519.74,Open
01/17/2025,01/17/2025,Buy,XOM,,0.0,,Stock Buy,100.0,112.5,0.0,-11250.0,Open
01/17/2025,01/17/2025,Sell to Open,AVGO,01/24/2025,225.0,Put,Put Sell,2.0,1.16,0.54,231.46,Close
01/17/2025,01/17/2025,Sell to Close,GS,01/24/2025,560.0,Put,Put Sell,3.0,0.07,0.79,20.21,Close
01/17/2025,01/17/2025,Buy to Close,GS,01/17/2025,560.0,Put,Put Buy,3.0,0.02,0.03,-6.03,Close
01/16/2025,01/16/2025,Sell to Open,CAT,01/24/2025,365.0,Put,Put Sell,3.0,0.93,0.8,278.2,Close
01/16/2025,01/16/2025,Sell to Open,BLK,02/14/2025,890.0,Put,Put Sell,1.0,1.6,0.26,159.74,Close
01/16/2025,01/16/2025,Sell to Open,BLK,01/31/2025,940.0,Put,Put Sell,1.0,1.87,0.27,186.73,Close
01/16/2025,01/16/2025,Buy to Close,MA,01/17/2025,445.0,Put,Put Buy,2.0,0.02,0.02,-4.02,Close
01/16/2025,01/16/2025,Buy to Close,CAT,01/17/2025,372.5,Put,Put Buy,3.0,1.15,0.78,-345.78,Close
01/16/2025,01/16/2025,Buy to Close,CAT,01/17/2025,370.0,Put,Put Buy,3.0,0.8,0.78,-240.78,Close
01/16/2025,01/16/2025,Sell to Open,CAT,01/17/2025,372.5,Put,Put Sell,3.0,1.16,0.8,347.2,Close
01/16/2025,01/16/2025,Journal,SGUXX,,0.0,,Journal,1.71,0.0,0.0,0.0,Open
01/16/2025,01/16/2025,Journal,SGUXX,,0.0,,Journal,-1.71,0.0,0.0,0.0,Open
01/15/2025,01/15/2025,Reinvest Dividend,SGUXX,,0.0,,Dividend,0.0,0.0,0.0,4841.26,Close
01/15/2025,01/15/2025,Reinvest Dividend,SGUXX,,0.0,,Dividend,0.0,0.0,0.0,1.71,Close
01/15/2025,01/15/2025,Reinvest Shares,SGUXX,,0.0,,Reinvest Shares,4841.26,1.0,0.0,-4841.26,Open
01/15/2025,01/15/2025,Reinvest Shares,SGUXX,,0.0,,Reinvest Shares,1.71,1.0,0.0,-1.71,Open
01/15/2025,01/15/2025,Buy to Close,BLK,01/24/2025,965.0,Put,Put Buy,1.0,1.17,0.26,-117.26,Close
01/15/2025,01/15/2025,Buy to Close,MSFT,01/17/2025,437.5,Call,Call Buy,10.0,0.14,2.61,-142.61,Close
01/15/2025,01/15/2025,Sell to Open,MSFT,01/24/2025,437.5,Call,Call Sell,10.0,1.04,2.67,1037.33,Close
01/15/2025,01/15/2025,Sell to Open,CVX,01/24/2025,155.0,Put,Put Sell,5.0,0.66,1.32,328.68,Close
01/15/2025,01/15/2025,Sell to Open,GOOGL,01/24/2025,187.5,Put,Put Sell,10.0,0.91,2.67,907.33,Close
01/15/2025,01/15/2025,Sell to Open,ADBE,01/24/2025,405.0,Put,Put Sell,5.0,1.27,1.33,633.67,Close
01/15/2025,01/15/2025,Sell to Open,BLK,01/24/2025,965.0,Put,Put Sell,1.0,1.6,0.26,159.74,Close
01/15/2025,01/15/2025,Sell to Close,BLK,01/17/2025,965.0,Put,Put Sell,1.0,0.8,0.26,79.74,Close
01/15/2025,01/15/2025,Sell to Open,CAT,01/17/2025,370.0,Put,Put Sell,3.0,1.0,0.8,299.2,Close
01/15/2025,01/15/2025,Sell,BLK,,0.0,,Stock Sell,100.0,1000.0,2.8,99997.2,Open
01/14/2025,01/14/2025,Buy to Open,BLK,01/17/2025,965.0,Put,Put Buy,1.0,15.7,0.26,-1570.26,Close
01/14/2025,01/14/2025,Buy,BLK,,0.0,,Stock Buy,100.0,964.7,0.0,-96470.0,Open
01/13/2025,01/13/2025,Sell,SGUXX,,0.0,,Stock Sell,200000.0,1.0,0.0,200000.0,Open
01/13/2025,01/13/2025,Sell to Open,CAT,01/17/2025,375.0,Call,Call Sell,3.0,0.78,0.8,233.2,Close
01/13/2025,01/13/2025,Buy to Open,GS,01/24/2025,560.0,Put,Put Buy,3.0,14.13,0.78,-4239.78,Close
01/13/2025,01/13/2025,Sell to Open,GS,01/17/2025,560.0,Put,Put Sell,3.0,12.28,0.89,3683.11,Close
01/13/2025,01/13/2025,Buy to Open,IBIT,05/16/2025,52.0,Put,Put Buy,3.0,6.63,0.78,-1989.78,Open
01/13/2025,01/13/2025,Sell to Open,HD,01/24/2025,360.0,Put,Put Sell,3.0,0.52,0.79,155.21,Close
01/13/2025,01/13/2025,Sell to Open,CVX,01/17/2025,150.0,Put,Put Sell,3.0,0.18,0.79,53.21,Close
01/13/2025,01/13/2025,Sell to Open,QCOM,01/17/2025,162.5,Call,Call Sell,10.0,0.83,2.66,827.34,Close
01/13/2025,01/13/2025,Sell to Open,NVDA,01/24/2025,144.0,Call,Call Sell,20.0,0.73,5.32,1454.68,Close
01/13/2025,01/13/2025,Sell to Open,CEG,01/17/2025,260.0,Put,Put Sell,5.0,0.85,1.32,423.68,Close
01/13/2025,01/13/2025,Buy to Open,CAT,05/16/2025,350.0,Put,Put Buy,3.0,19.14,0.78,-5742.78,Open
01/13/2025,01/13/2025,Sell to Close,CAT,05/16/2025,330.0,Put,Put Sell,3.0,12.0,0.89,3599.11,Open
01/13/2025,01/13/2025,Sell to Open,AXP,01/24/2025,260.0,Put,Put Sell,10.0,0.65,2.66,647.34,Close
01/13/2025,01/13/2025,Sell,CRM,,0.0,,Stock Sell,300.0,320.02,2.72,96003.28,Open
01/13/2025,01/13/2025,Buy to Close,COST,01/24/2025,850.0,Put,Put Buy,2.0,0.85,0.52,-170.52,Close
01/13/2025,01/10/2025,Buy,CRM,,0.0,,Stock Buy,300.0,320.0,0.0,-96000.0,Open
01/13/2025,01/10/2025,Buy,NVDA,,0.0,,Stock Buy,1000.0,145.0,0.0,-145000.0,Open
01/13/2025,01/10/2025,Buy,NVDA,,0.0,,Stock Buy,1000.0,142.0,0.0,-142000.0,Open
01/13/2025,01/10/2025,Buy,IBIT,,0.0,,Stock Buy,300.0,55.0,0.0,-16500.0,Open
01/13/2025,01/10/2025,Expired,AXP,01/10/2025,277.5,Put,Expired,5.0,0.0,0.0,0.0,Close
01/13/2025,01/10/2025,Expired,TSLA,01/10/2025,200.0,Put,Expired,4.0,0.0,0.0,0.0,Close
01/13/2025,01/10/2025,Expired,META,01/10/2025,490.0,Put,Expired,10.0,0.0,0.0,0.0,Close
01/13/2025,01/10/2025,Expired,GS,01/10/2025,505.0,Put,Expired,10.0,0.0,0.0,0.0,Close
01/13/2025,01/10/2025,Expired,COST,01/10/2025,890.0,Put,Expired,3.0,0.0,0.0,0.0,Close
01/13/2025,01/10/2025,Expired,TEAM,01/10/2025,230.0,Put,Expired,5.0,0.0,0.0,0.0,Close
01/13/2025,01/10/2025,Expired,QCOM,01/10/2025,165.0,Call,Expired,10.0,0.0,0.0,0.0,Close
01/13/2025,01/10/2025,Expired,HD,01/10/2025,370.0,Put,Expired,3.0,0.0,0.0,0.0,Close
01/13/2025,01/10/2025,Expired,GLD,01/10/2025,245.0,Put,Expired,5.0,0.0,0.0,0.0,Close
01/13/2025,01/10/2025,Expired,CRM,01/10/2025,300.0,Put,Expired,5.0,0.0,0.0,0.0,Close
01/13/2025,01/10/2025,Expired,CAT,01/10/2025,375.0,Call,Expired,3.0,0.0,0.0,0.0,Close
01/13/2025,01/10/2025,Expired,ADSK,01/10/2025,275.0,Put,Expired,5.0,0.0,0.0,0.0,Close
01/13/2025,01/10/2025,Expired,AAPL,01/10/2025,250.0,Call,Expired,20.0,0.0,0.0,0.0,Close
01/13/2025,01/10/2025,Assigned,CRM,01/10/2025,320.0,Put,Assigned,3.0,0.0,0.0,0.0,Close
01/13/2025,01/10/2025,Assigned,NVDA,01/10/2025,145.0,Put,Assigned,10.0,0.0,0.0,0.0,Close
01/13/2025,01/10/2025,Assigned,NVDA,01/10/2025,142.0,Put,Assigned,10.0,0.0,0.0,0.0,Close
01/13/2025,01/10/2025,Assigned,IBIT,01/10/2025,55.0,Put,Assigned,3.0,0.0,0.0,0.0,Close
01/10/2025,01/10/2025,Sell to Close,GLD,01/15/2025,245.0,Put,Put Sell,5.0,0.44,1.32,218.68,Close
01/10/2025,01/10/2025,Buy to Close,JPM,01/10/2025,220.0,Put,Put Buy,5.0,0.01,0.05,-5.05,Close
01/10/2025,01/10/2025,Sell to Open,JPM,01/17/2025,225.0,Put,Put Sell,5.0,0.66,1.32,328.68,Close
01/10/2025,01/10/2025,Sell to Open,WDAY,01/17/2025,255.0,Call,Call Sell,4.0,2.65,1.08,1058.92,Close
01/10/2025,01/10/2025,Buy to Close,WDAY,01/10/2025,257.5,Call,Call Buy,4.0,0.05,0.04,-20.04,Close
01/10/2025,01/10/2025,Buy to Close,GOOGL,01/10/2025,190.0,Put,Put Buy,10.0,0.02,0.11,-20.11,Close
01/10/2025,01/10/2025,Sell to Open,GOOGL,01/17/2025,187.5,Put,Put Sell,10.0,0.84,2.66,837.34,Close
01/10/2025,01/10/2025,Buy to Close,QCOM,01/10/2025,155.0,Put,Put Buy,3.0,0.03,0.03,-9.03,Close
01/10/2025,01/10/2025,Sell to Open,QCOM,01/17/2025,152.5,Put,Put Sell,3.0,1.08,0.8,323.2,Close
01/10/2025,01/10/2025,Sell to Open,HD,01/17/2025,400.0,Call,Call Sell,3.0,1.85,0.81,554.19,Close
01/10/2025,01/10/2025,Buy to Close,HD,01/10/2025,400.0,Call,Call Buy,3.0,0.03,0.03,-9.03,Close
01/10/2025,01/10/2025,Buy to Close,MSFT,01/10/2025,437.5,Call,Call Buy,10.0,0.01,0.11,-10.11,Close
01/10/2025,01/10/2025,Sell to Open,MSFT,01/17/2025,437.5,Call,Call Sell,10.0,0.66,2.66,657.34,Close
01/08/2025,01/08/2025,Sell,GOOGL,,0.0,,Stock Sell,1.029,193.65,0.01,199.26,Open
01/08/2025,01/08/2025,Sell to Open,GLD,01/10/2025,245.0,Put,Put Sell,5.0,0.94,1.32,468.68,Close
01/08/2025,01/08/2025,Buy to Open,GLD,01/15/2025,245.0,Put,Put Buy,5.0,1.59,1.3,-796.3,Close
01/08/2025,01/08/2025,Sell to Open,TSLA,01/24/2025,420.0,Call,Call Sell,10.0,10.05,2.92,10047.08,Close
01/08/2025,01/08/2025,Buy to Open,TSLA,01/24/2025,417.5,Call,Call Buy,10.0,10.79,2.61,-10792.61,Close
01/08/2025,01/08/2025,Sell to Open,AMD,01/17/2025,131.0,Call,Call Sell,15.0,0.68,3.98,1016.02,Close
01/08/2025,01/08/2025,Buy to Close,AMD,01/10/2025,135.0,Call,Call Buy,15.0,0.03,0.16,-45.16,Close
01/08/2025,01/08/2025,Sell to Open,TEAM,01/17/2025,220.0,Put,Put Sell,2.0,0.6,0.53,119.47,Close
01/08/2025,01/08/2025,Sell to Open,CRM,01/10/2025,320.0,Put,Put Sell,3.0,1.45,0.8,434.2,Close
01/07/2025,01/07/2025,Sell,SGUXX,,0.0,,Stock Sell,150000.0,1.0,0.0,150000.0,Open
01/07/2025,01/07/2025,Sell to Open,CVX,01/17/2025,141.0,Put,Put Sell,3.0,0.14,0.79,41.21,Close
01/07/2025,01/07/2025,Sell to Open,ADBE,01/24/2025,380.0,Put,Put Sell,3.0,0.48,0.79,143.21,Close
01/07/2025,01/07/2025,Sell to Open,META,01/17/2025,530.0,Put,Put Sell,5.0,0.5,1.32,248.68,Close
01/07/2025,01/07/2025,Sell to Open,CAT,01/17/2025,340.0,Put,Put Sell,3.0,0.7,0.8,209.2,Close
01/06/2025,01/06/2025,Buy,IYF,,0.0,,Stock Buy,50.0,112.1,0.0,-5605.0,Open
01/06/2025,01/06/2025,Sell to Open,WDAY,01/10/2025,257.5,Call,Call Sell,4.0,2.02,1.07,806.93,Close
01/06/2025,01/06/2025,Buy to Open,WDAY,06/20/2025,240.0,Put,Put Buy,4.0,15.7,1.04,-6281.04,Open
01/06/2025,01/06/2025,Sell to Open,VGT,02/21/2025,570.0,Put,Put Sell,3.0,1.8,0.81,539.19,Close
01/06/2025,01/06/2025,Sell to Close,VDE,04/17/2025,105.0,Put,Put Sell,2.0,0.55,0.53,109.47,Open
01/06/2025,01/06/2025,Sell to Open,TOL,01/17/2025,121.0,Put,Put Sell,3.0,0.7,0.8,209.2,Close
01/06/2025,01/06/2025,Buy to Open,VDE,04/17/2025,110.0,Put,Put Buy,2.0,1.5,0.52,-300.52,Open
01/06/2025,01/06/2025,Sell to Open,TOL,01/17/2025,136.0,Call,Call Sell,8.0,0.47,2.12,373.88,Close
01/06/2025,01/06/2025,Sell to Open,QCOM,01/10/2025,155.0,Put,Put Sell,3.0,0.31,0.79,92.21,Close
01/06/2025,01/06/2025,Sell to Open,NVDA,01/10/2025,142.0,Put,Put Sell,10.0,0.66,2.66,657.34,Close
01/06/2025,01/06/2025,Sell to Open,NVDA,01/10/2025,145.0,Put,Put Sell,10.0,1.31,2.68,1307.32,Close
01/06/2025,01/06/2025,Sell to Open,HD,01/10/2025,400.0,Call,Call Sell,3.0,0.74,0.8,221.2,Close
01/06/2025,01/06/2025,Sell to Open,GOOGL,01/10/2025,190.0,Put,Put Sell,10.0,0.52,2.65,517.35,Close
01/06/2025,01/06/2025,Sell to Open,CVX,01/17/2025,155.0,Call,Call Sell,5.0,0.48,1.32,238.68,Close
01/06/2025,01/06/2025,Sell to Open,CAT,01/10/2025,375.0,Call,Call Sell,3.0,1.32,0.8,395.2,Close
01/06/2025,01/06/2025,Sell to Open,QCOM,01/10/2025,165.0,Call,Call Sell,10.0,1.05,2.67,1047.33,Close
01/06/2025,01/06/2025,Sell to Open,AMD,01/10/2025,135.0,Call,Call Sell,15.0,0.85,3.99,1271.01,Close
01/06/2025,01/06/2025,Sell to Open,MSFT,01/10/2025,437.5,Call,Call Sell,10.0,0.6,2.66,597.34,Close
01/06/2025,01/06/2025,Buy to Close,INTC,03/21/2025,26.0,Call,Call Buy,45.0,0.64,11.74,-2891.74,Close
01/06/2025,01/06/2025,Sell to Open,AAPL,01/10/2025,250.0,Call,Call Sell,20.0,0.8,5.32,1594.68,Close
01/06/2025,01/03/2025,Sell,NVDA,,0.0,,Stock Sell,2000.0,141.0,8.17,281991.83,Open
01/06/2025,01/03/2025,Buy,AAPL,,0.0,,Stock Buy,1000.0,247.5,0.0,-247500.0,Open
01/06/2025,01/03/2025,Buy,MSFT,,0.0,,Stock Buy,200.0,437.5,0.0,-87500.0,Open
01/06/2025,01/03/2025,Buy,CVX,,0.0,,Stock Buy,200.0,152.5,0.0,-30500.0,Open
01/06/2025,01/03/2025,Buy,WDAY,,0.0,,Stock Buy,400.0,255.0,0.0,-102000.0,Open
01/06/2025,01/03/2025,Expired,TOL,01/03/2025,131.0,Call,Expired,5.0,0.0,0.0,0.0,Close
01/06/2025,01/03/2025,Expired,TOL,01/03/2025,121.0,Put,Expired,3.0,0.0,0.0,0.0,Close
01/06/2025,01/03/2025,Expired,QCOM,01/03/2025,162.5,Call,Expired,10.0,0.0,0.0,0.0,Close
01/06/2025,01/03/2025,Expired,TSLA,01/03/2025,235.0,Put,Expired,3.0,0.0,0.0,0.0,Close
01/06/2025,01/03/2025,Expired,QCOM,01/03/2025,150.0,Put,Expired,3.0,0.0,0.0,0.0,Close
01/06/2025,01/03/2025,Expired,QQQ,01/03/2025,510.0,Put,Expired,3.0,0.0,0.0,0.0,Close
01/06/2025,01/03/2025,Expired,OXY,01/03/2025,46.0,Put,Expired,5.0,0.0,0.0,0.0,Close
01/06/2025,01/03/2025,Expired,META,01/03/2025,535.0,Put,Expired,5.0,0.0,0.0,0.0,Close
01/06/2025,01/03/2025,Expired,IBIT,01/03/2025,53.0,Put,Expired,4.0,0.0,0.0,0.0,Close
01/06/2025,01/03/2025,Expired,HD,01/03/2025,400.0,Call,Expired,3.0,0.0,0.0,0.0,Close
01/06/2025,01/03/2025,Expired,GS,01/03/2025,540.0,Put,Expired,2.0,0.0,0.0,0.0,Close
01/06/2025,01/03/2025,Expired,GOOGL,01/03/2025,185.0,Put,Expired,10.0,0.0,0.0,0.0,Close
01/06/2025,01/03/2025,Expired,EXPE,01/03/2025,170.0,Put,Expired,5.0,0.0,0.0,0.0,Close
01/06/2025,01/03/2025,Expired,CMCSA,01/03/2025,39.0,Call,Expired,12.0,0.0,0.0,0.0,Close
01/06/2025,01/03/2025,Expired,CAT,01/03/2025,350.0,Put,Expired,5.0,0.0,0.0,0.0,Close
01/06/2025,01/03/2025,Expired,CAT,01/03/2025,370.0,Call,Expired,3.0,0.0,0.0,0.0,Close
01/06/2025,01/03/2025,Expired,AMD,01/03/2025,130.0,Call,Expired,15.0,0.0,0.0,0.0,Close
01/06/2025,01/03/2025,Expired,AMZN,01/03/2025,210.0,Put,Expired,5.0,0.0,0.0,0.0,Close
01/06/2025,01/03/2025,Expired,ADBE,01/03/2025,425.0,Put,Expired,10.0,0.0,0.0,0.0,Close
01/06/2025,01/03/2025,Assigned,NVDA,01/03/2025,141.0,Call,Assigned,20.0,0.0,0.0,0.0,Close
01/06/2025,01/03/2025,Assigned,AAPL,01/03/2025,247.5,Put,Assigned,10.0,0.0,0.0,0.0,Close
01/06/2025,01/03/2025,Assigned,MSFT,01/03/2025,437.5,Put,Assigned,2.0,0.0,0.0,0.0,Close
01/06/2025,01/03/2025,Assigned,CVX,01/03/2025,152.5,Put,Assigned,2.0,0.0,0.0,0.0,Close
01/06/2025,01/03/2025,Assigned,WDAY,01/03/2025,255.0,Put,Assigned,4.0,0.0,0.0,0.0,Close
01/03/2025,01/03/2025,Sell,SGUXX,,0.0,,Stock Sell,300000.0,1.0,0.0,300000.0,Open
01/03/2025,01/03/2025,Sell,SGUXX,,0.0,,Stock Sell,300000.0,1.0,0.0,300000.0,Open
01/03/2025,01/03/2025,Buy,AGG,,0.0,,Stock Buy,200.0,96.8,0.0,-19360.0,Open
01/03/2025,01/03/2025,Sell to Open,IBIT,01/10/2025,55.0,Put,Put Sell,3.0,0.85,0.8,254.2,Close
01/03/2025,01/03/2025,Buy to Open,AGG,06/20/2025,96.0,Put,Put Buy,2.0,1.11,0.52,-222.52,Open
01/03/2025,01/03/2025,Sell to Open,EXPE,01/31/2025,170.0,Put,Put Sell,2.0,1.0,0.54,199.46,Close
01/03/2025,01/02/2025,Assigned,AAPL,01/03/2025,252.5,Put,Assigned,10.0,0.0,0.0,0.0,Close
01/03/2025,01/02/2025,Assigned,MSFT,01/03/2025,437.5,Put,Assigned,8.0,0.0,0.0,0.0,Close
01/03/2025,01/02/2025,Buy,AAPL,,0.0,,Stock Buy,1000.0,252.5,0.0,-252500.0,Open
01/03/2025,01/02/2025,Buy,MSFT,,0.0,,Stock Buy,800.0,437.5,0.0,-350000.0,Open
01/03/2025,01/02/2025,Expired,SPY,01/02/2025,581.0,Put,Expired,10.0,0.0,0.0,0.0,Close
01/02/2025,01/02/2025,Buy to Close,INTC,01/03/2025,22.0,Call,Call Buy,45.0,0.01,0.49,-45.49,Close
01/02/2025,01/02/2025,Sell to Open,INTC,01/17/2025,22.0,Call,Call Sell,45.0,0.23,11.9,1023.1,Close
01/02/2025,01/02/2025,Qualified Dividend,NKE,,0.0,,Dividend,0.0,0.0,0.0,400.0,Close
01/02/2025,01/02/2025,Journal,SGUXX,,0.0,,Journal,14476.53,0.0,0.0,0.0,Open
01/02/2025,01/02/2025,Journal,SGUXX,,0.0,,Journal,-14476.53,0.0,0.0,0.0,Open
01/02/2025,12/31/2024,Expired,SPY,12/31/2024,540.0,Put,Expired,3.0,0.0,0.0,0.0,Close
